# 신약 전권 해석 문항의 뜻풀이 (v73) — units-src/glossary.tsv 와 같은 형식, 같은 표제어를 두 번 적지 않는다
# 표제어는 빌드가 쓰는 표제어 (Morpheus 또는 PROIEL). 표제어가 어긋난 경우 괄호 안에 바른 사전형을 적었다
βίβλος	책, 두루마리
γένεσις	기원, 계보, 태어남
Δαυίδ	다윗 (인명)
γεννάω	낳다, (아버지가) 자식을 두다
Ἰσαάκ	이삭 (인명)
Ἰακώβ	야곱 (인명)
Φάρες	베레스 (인명)
Ζάρα	세라 (인명)
Θαμάρ	다말 (인명)
Ἑσρώμ	헤스론 (인명)
Ἀράμ	람 (인명)
Ἀμιναδάβ	암미나답 (인명)
Ναασσών	나손 (인명)
Σαλμών	살몬 (인명)
Βόες	보아스 (인명)
Ῥαχάβ	라합 (인명)
Ἰωβήδ	오벳 (인명)
Ῥούθ	룻 (인명)
Ἰεσσαί	이새 (인명)
Σολομών	솔로몬 (인명)
Οὐρίας	우리야 (인명)
Ῥοβοάμ	르호보암 (인명)
Ἀβιά	아비야 (인명)
Ἀσάφ	아삽 (인명; 아사)
Ἰωσαφάτ	여호사밧 (인명)
Ἰωράμ	요람 (인명)
Ὀζίας	웃시야 (인명)
Ἰωαθάμ	요담 (인명)
Ἀχάζ	아하스 (인명)
Ἑζεκίας	히스기야 (인명)
Μανασσῆς	므낫세 (인명)
ἁμός	아모스 (인명 Ἀμώς; 아몬)
Ἰωσίας	요시야 (인명)
Ἰεχονίας	여고냐 (인명)
μετοικεσία	이주, 유배
Σαλαθιήλ	스알디엘 (인명)
Ζοροβαβέλ	스룹바벨 (인명)
Ἀβιούδ	아비훗 (인명)
Ἀζώρ	아소르 (인명)
Σαδώκ	사독 (인명)
Ἀχίμ	아킴 (인명)
Ἐλιούδ	엘리웃 (인명)
Ἐλεάζαρ	엘르아살 (인명)
Ματθάν	맛단 (인명)
Ἰωσήφ	요셉 (인명)
Μαρία	마리아 (인명)
δεκατέτταρες	열넷
μνηστεύω	약혼시키다; 수동 약혼하다
συνέρχομαι	함께 오다, 모이다; 부부로 함께하다
ἅγιος	거룩한; οἱ ἅγιοι 성도들
δειγματίζω	드러내어 망신시키다
λάθρᾳ	몰래, 은밀히
ἀπολύω	놓아주다, 풀어 주다, 돌려보내다; (아내를) 버리다
ἐνθυμέομαι	곰곰이 생각하다
ὄναρ	꿈; κατ᾽ ὄναρ 꿈에
παραλαμβάνω	데려가다, 맞아들이다, 넘겨받다
λαός	백성, 민족
πληρόω	채우다, 이루다, 성취하다
προφήτης	예언자
παρθένος	처녀
Ἐμμανουήλ	임마누엘 ('하나님이 우리와 함께')
μεθερμηνεύω	번역하다
Βηθλέεμ	베들레헴 (지명)
Ἰουδαία	유대 (지명)
Ἡρῴδης	헤롯 (인명)
Μάγος	박사, 동방의 점성가
ἀνατολή	해 돋는 곳, 동쪽
Ἱεροσόλυμα	예루살렘 (지명)
ταράττω	뒤흔들다, 불안하게 하다
συνάγω	모으다; 수동 모이다
ἀρχιερεύς	대제사장
γραμματεύς	율법학자, 서기관
ποιμαίνω	(양을) 치다, 돌보다
Ἰσραήλ	이스라엘
ἀκριβόω	정확히 알아내다
ἀκριβής	정확한, 엄밀한
παίδιον	어린아이
ἐπάν	~할 때에, ~하면
ἀπαγγέλλω	알리다, 전하다
προάγω	앞서가다, 앞장서다
ἐπάνω	위에, 위로; ~보다 많이
οὗ	(관계부사) ~하는 곳에
σφόδρα	몹시, 매우
προσφέρω	가져오다, 바치다
χρυσός	금
λίβανος	유향
σμύρνα	몰약
χρηματίζω	(신의) 지시를 받다; ~라고 불리다
ἀνακάμπτω	돌아가다
ἀναχωρέω	물러가다, 떠나가다
Αἴγυπτος	이집트 (지명)
ἐμπαίζω	조롱하다, 속이다
θυμόω	몹시 화나게 하다; 수동 몹시 화내다
ὅριον	경계; 복수 지역, 지방
διετής	두 살 된
Ἰερεμίας	예레미야 (인명)
Ῥαμά	라마 (지명)
κλαυθμός	울음, 통곡
ὀδυρμός	애곡, 슬피 욺
Ῥαχήλ	라헬 (인명)
κλαίω	울다
εἰσέρχομαι	들어가다, 들어오다
Ἀρχέλαος	아켈라오 (인명)
ἀπέρχομαι	떠나가다, 가 버리다
Γαλιλαία	갈릴리 (지명)
κατοικέω	살다, 거주하다
Ναζαρέτ	나사렛 (지명)
Ναζωραῖος	나사렛 사람
Ἰωάν(ν)ης	요한 (인명)
βαπτιστής	세례자, 세례 주는 사람
ἐρῆμος	광야, 외딴곳; 형 황량한
ἐγγίζω	가까이 오다
Ἠσαΐας	이사야 (인명)
βοάω	외치다, 부르짖다
ἑτοιμάζω	준비하다, 마련하다
τρίβος	좁은 길, 오솔길
ἔνδυμα	옷
θρίξ	털, 머리카락
κάμηλος	낙타
ζώνη	띠, 허리띠
δερμάτινος	가죽으로 만든
ὀσφύς	허리
τροφή	음식, 양식
ἀκρίς	메뚜기
μέλι	꿀
ἄγριος	들의, 야생의
ἐκπορεύω	나가다, 나오다 (중간태)
περίχωρος	주변 지역; 형 주변의
Ἰορδάνης	요단 강 (지명)
βαπτίζω	세례를 주다, 물에 잠그다
ἐξομολογέομαι	고백하다; 찬양하다
Σαδδουκαῖος	사두개파 사람
βάπτισμα	세례
γέννημα	낳은 것, 자식; 소산
ἔχιδνα	독사
ὑποδείκνυμι	보여 주다, 일러 주다
μετάνοια	회개, 마음을 돌이킴
ἀξίνη	도끼
δένδρον	나무
ἐκκόπτω	찍어 내다, 베어 버리다
ὀπίσω	뒤에, 뒤로; (속격) ~의 뒤를
ἱκανός	넉넉한, 자격 있는, 상당한
ὑπόδημα	신, 신발
βαστάζω	들다, 지다, 나르다
πτύον	키, 까부르는 도구
διακαθαρίζω	깨끗이 치우다
ἅλων	타작마당
ἀποθήκη	곳간, 창고
ἄχυρον	겨, 쭉정이
κατακαίω	태워 버리다
ἄσβεστος	꺼지지 않는
διακωλύω	막다, 말리다
πρέπω	알맞다; πρέπον ἐστί ~이 마땅하다
ὡσεί	~처럼, ~쯤
εὐδοκέω	기뻐하다, 좋게 여기다
ἀνάγω	끌어올리다, 데리고 올라가다; 중간 배 타고 떠나다
πειράζω	시험하다, 유혹하다
νηστεύω	금식하다
τεττεράκοντα	마흔
στόμα	입
πτερύγιον	꼭대기, 날개 끝
ἐντέλλω	명령하다 (중간태)
ἀείρω	들어 올리다 (αἴρω)
μήποτε	~하지 않도록; 혹시
προσκόπτω	부딪치다, 걸려 넘어지다
ἐκπειράζω	시험하다, 떠보다
ὑψηλός	높은
βασίλεια	왕국, 나라
λατρεύω	섬기다, 예배하다
καταλιμπάνω	남겨 두다, 떠나다 (καταλείπω)
Ναζαρά	나사렛 (지명)
Καφαρναούμ	가버나움 (지명)
παραθαλάττιος	바닷가의
Ζαβουλών	스불론 (지명·지파)
Νεφθαλίμ	납달리 (지명·지파)
πέραν	건너편에; (속격) ~ 건너편
ἔθνος	민족; 복수 이방 사람들
σκιά	그늘, 그림자
ἀνατέλλω	떠오르다, 돋다
Σίμων	시몬 (인명)
Πέτρος	베드로 (인명)
Ἀνδρέας	안드레 (인명)
ἀμφίβληστρον	투망, 그물
ἁλιεύς	어부
δεῦτε	자, 오너라
εὐθέως	곧, 즉시
δίκτυον	그물
ἀκολουθέω	따라가다, 따르다
Ἰάκωβος	야고보 (인명)
Ζεβεδαῖος	세베대 (인명)
καταρτίζω	수선하다, 갖추다, 온전하게 하다
περιάγω	두루 다니다
συναγωγή	회당, 모임
εὐαγγέλιον	복음, 기쁜 소식
νόσος	병
μαλακία	허약함, 병
ἀκοή	소문, 들음, 귀
Συρία	시리아 (지명)
ποικίλος	여러 가지의
βάσανος	고통, 고문
συνόχωκα	시달리다, 사로잡히다 (συνέχω)
δαιμονίζομαι	귀신 들리다
σεληνιάζομαι	간질을 앓다
παραλυτικός	중풍 병자; 형 마비된
ὄχλος	무리, 군중
δεκάπολις	데가볼리 (지명)
καθίζω	앉다, 앉히다
πτωχός	가난한
πενθέω	슬퍼하다, 애통하다
παρακλάομαι	위로하다; 간청하다 (παρακαλέω)
πρᾶος	온유한
κληρονομέω	상속하다, 물려받다
χορτάζω	배불리 먹이다; 수동 배부르다
ἐλεήμων	자비로운
ἐλεέω	불쌍히 여기다
εἰρηνοποιός	평화를 이루는 사람
ἀγαλλιάω	크게 기뻐하다
ἅλας	소금
μωραίνω	어리석게 하다; 수동 맛을 잃다
ἁλίζω	소금을 치다, 짜게 하다
καταπατέω	짓밟다
κρύπτω	숨기다
καίω	불을 켜다, 태우다
μόδιος	말 (곡식을 되는 그릇)
λάμπω	빛나다, 비추다
καταλύω	허물다, 폐지하다; 묵다
ἰῶτα	요타 (가장 작은 글자)
κερεύς	획, 글자의 작은 획 (κεραία)
ἐντολή	계명, 명령
φονεύω	살인하다
ἔνοχος	~에 걸린, ~을 받아야 할
ῥακά	라가 ('바보', 욕설)
συνέδριον	의회, 공회
γέεννα	지옥, 게헨나
θυσιαστήριον	제단
μιμνῄσκω	생각나게 하다; 중간·수동 기억하다
διαλλάττομαι	화해하다
εὐνοέω	좋게 대하다, 화해하다
ἀντίδικος	고소인, 적대자
κριτής	재판관
ὑπηρέτης	하인, 부하, 시중드는 사람
ἔσχατος	마지막의, 꼴찌의
κοδράντης	고드란트 (가장 작은 동전)
μοιχεύω	간음하다
δεξιός	오른쪽의; ἐκ δεξιῶν 오른쪽에
σκανδαλίζω	걸려 넘어지게 하다, 죄짓게 하다
ἐξαιρέω	빼내다, 구해 내다
ἀποστάσιον	이혼 증서
παρεκτός	~을 빼고, ~ 말고는
πορνεία	음행
μοιχάω	간음하다 (중간·수동)
ὅρκος	맹세
ὄμνυμι	맹세하다
μήτε	~도 아니고
θρόνος	보좌, 왕좌
ὑποπόδιον	발판, 발 받침
λευκός	흰
περιττός	남는, 넘치는; 더한
ὀδούς	이, 이빨
ἀνθίστημι	맞서다, 대적하다
ῥαπίζω	뺨을 치다
σιαγών	뺨
στρέφω	돌리다; 수동 돌아서다
χιτών	속옷
ἀγγαρεύω	억지로 일을 시키다
μίλιον	밀리온, 로마 마일
πλησίον	가까이; ὁ πλησίον 이웃
βρέχω	비를 내리다, 적시다
τελώνης	세리, 세금 걷는 사람
ἀσπάζομαι	인사하다, 문안하다
ἐθνικός	이방 사람의; 이방 사람
τέλειος	완전한, 다 자란
οὐράνιος	하늘의
προσέχω	주의하다, 조심하다
ἐλεημοσύνη	자선, 구제
σαλπίζω	나팔을 불다
ὑποκριτής	위선자
ῥύμη	골목, 거리
ἀπέχω	다 받다; 멀리 떨어져 있다; 중간 삼가다
ἀριστερός	왼쪽의
γωνία	모퉁이
πλατεῖα	넓은 길, 큰길
ταμεῖον	골방, 곳간
κλείω	닫다, 잠그다
βατταλογέω	빈말을 되풀이하다
πολυλογία	말이 많음
εἰσακούω	들어주다
ἁγιάζω	거룩하게 하다
εἰσφέρω	들여오다, 이끌어 들이다
πειρασμός	시험, 유혹
ῥύομαι	구해 내다, 건지다
παράπτωμα	잘못, 범죄
σκυθρωπός	침울한, 우울한 얼굴의
ἀφανίζω	보이지 않게 하다, 없애다
ἀλείφω	기름을 바르다
νίπτω	씻다
θησαυρίζω	쌓아 두다, 보물을 쌓다
σής	좀 (벌레)
βρῶσις	먹음; 녹, 좀먹음
διορύττω	뚫고 들어오다
κλέπτω	훔치다
ἁπλόος	단순한, 성한
φωτεινός	밝은, 빛으로 가득한
σκοτεινός	어두운
πόσος	얼마나 큰, 얼마나 많은
ἀντέχω	붙들다, 매달리다 (중간태)
μαμωνᾶς	재물, 맘몬
μεριμνάω	걱정하다, 염려하다
ἐμβλέπω	눈여겨보다, 바라보다
πετεινόν	새
σπείρω	씨를 뿌리다
θερίζω	거두다, 추수하다
ἡλικία	나이, 키, 수명
πῆχυς	규빗, 자 (길이의 단위)
κρίνον	백합, 들꽃
κοπιάω	수고하다, 지치다
νήθω	실을 잣다
περιβάλλω	두르다, 입히다; 중간 입다
χόρτος	풀
αὔριον	내일
κλίβανος	아궁이, 화덕
ἀμφιέννυμι	입히다
ὀλιγόπιστος	믿음이 적은
ἐπιζητέω	찾다, 구하다
ἀρκετός	넉넉한, 충분한
κακία	악, 괴로움
κρίμα	심판, 판결
μετρέω	되다, 재다
κάρφος	티, 지푸라기
δοκός	들보
διαβλέπω	똑똑히 보다
μαργαρίτης	진주
χοῖρος	돼지
ῥήγνυμι	찢다, 터뜨리다; 덤벼들다
ἰχθύς	물고기
δόμα	선물
στενός	좁은
πλατύς	넓은
εὐρύχωρος	널찍한
θλίβω	좁게 하다, 누르다, 괴롭히다
ζωή	생명, 삶
ψευδοπροφήτης	거짓 예언자
ἔσωθεν	안에서, 속은
λύκος	이리
ἅρπαξ	약탈하는, 사나운
ἐπιγιγνώσκω	알아보다, 똑똑히 알다
μήτις	(μήτι) 설마 ~은 아니겠지?
ἄκανθα	가시나무
σταφυλή	포도송이
τρίβολος	엉겅퀴
σῦκον	무화과
σαπρός	썩은, 나쁜
ἄραγε	그렇다면
προφητεύω	예언하다
δαιμόνιον	귀신
ἀποχωρέω	떠나가다
ἀνομία	불법
βροχή	비
πνέω	불다
ἄμμος	모래
πτῶσις	무너짐, 넘어짐
ἐκπλήττω	놀라게 하다; 수동 놀라다
διδαχή	가르침
λεπρός	나병 환자; 형 나병에 걸린
καθαρίζω	깨끗하게 하다
ἐκτείνω	뻗다, 내밀다
λέπρα	나병
ἱερεύς	제사장
Μωϋσῆς	모세 (인명)
μαρτύριον	증거, 증언
ἑκατόνταρχος	백부장
στέγη	지붕
ἰάομαι	고치다, 낫게 하다
δυσμή	해 지는 곳, 서쪽
ἀνακλίνω	눕히다; 수동 (식탁에) 앉다
ἐξώτερος	바깥의
βρυγμός	(이를) 갊
ἑκατοντάρχης	백부장
πενθερά	시어머니, 장모
πυρέττω	열이 나다
πυρετός	열병, 열
ὄψιος	늦은; ὀψία 저녁
ἀσθένεια	약함, 병
ἀλώπηξ	여우
φωλεός	굴
κατασκήνωσις	보금자리, 둥지
κλίνω	기울이다, 누이다; 저물다
ἐμβαίνω	(배에) 오르다
σεισμός	지진, 흔들림; 큰 풍랑
κῦμα	물결, 파도
κατά-καθεύδω	자다 (καθεύδω)
ἐπιτιμέω	꾸짖다, 엄하게 이르다
γαλήνη	잔잔함, 고요
ποταπός	어떤, 어떠한
ὑπακούω	순종하다, 따르다
Γαδαρηνός	가다라 사람
ὑπαντάω	마주 오다, 만나다
μνημεῖον	무덤
κράζω	소리 지르다, 외치다
μακράν	멀리
ἀγέλη	떼, 무리
βόσκω	먹이다; 수동 (풀을) 뜯다
ὁρμάω	돌진하다
κρημνός	비탈, 낭떠러지
ὑπάντησις	마중, 만남
μεταβαίνω	옮겨 가다, 떠나다
διαπεράω	건너가다
κλίνη	침상, 침대
θαρσέω	용기를 내다, 안심하다
βλασφημέω	모독하다, 헐뜯다
εἰδοί	알다 (οἶδα 의 분사 εἰδώς)
ἐνθύμησις	생각
εὔκοπος	쉬운
παράγω	지나가다
τελώνιον	세관
Μαθθαῖος	마태 (인명)
ἀνάκειμαι	(식탁에) 앉다, 기대어 눕다
συνανάκειμαι	함께 식탁에 앉다
θυσία	제사, 제물
νυμφών	신방; 혼인 잔치 자리
νυμφίος	신랑
ἀπαίρω	빼앗아 가다
ἐπιβάλλω	대다, 얹다; (손을) 대다
ἐπίβλημα	덧대는 조각
ῥάκος	헝겊 조각
ἄγναφος	바래지 않은, 새
πλήρωμα	채우는 것, 충만
σχίσμα	찢어짐, 분열
ἐκχέω	쏟다, 흘리다
καινός	새로운
ἀμφότεροι	둘 다
συντηρέω	함께 보존하다, 간직하다
αἱμορροέω	하혈하다
κράσπεδον	옷술, 옷자락
αὐλητής	피리 부는 사람
κοράσιον	소녀
καταγελάω	비웃다
φήμη	소문
ἐμβριμάομαι	엄하게 이르다; 몹시 분개하다
διαφημίζω	널리 퍼뜨리다
κωφός	말 못 하는, 듣지 못하는
σπλαγχνίζομαι	불쌍히 여기다
σκύλλω	괴롭히다; 수동 지치다
ῥίπτω	던지다, 내던지다
θερισμός	추수
ἐργάτης	일꾼
προσκαλέω	불러들이다 (중간태)
ἀκάθαρτος	더러운
ἀπόστολος	사도, 보냄을 받은 사람
Βαρθολομαῖος	바돌로매 (인명)
Θωμᾶς	도마 (인명)
Ἁλφαῖος	알패오 (인명)
Θαδδαῖος	다대오 (인명)
Καναναῖος	가나안 사람, 열심당원
Ἰσκαριώθ	가룟 (유다의 별칭)
παραγγέλλω	명령하다, 지시하다
Σαμαρίτης	사마리아 사람
δωρεάν	거저, 값없이
ἄργυρος	은
χαλκός	구리, 동전
πήρα	자루, 배낭
ῥάβδος	지팡이, 막대기
ἐκτινάττω	털어 버리다
κονιορτός	먼지
ἀνεκτός	견딜 만한
Σόδομα	소돔 (지명)
Γόμορρα	고모라 (지명)
μαστιγόω	채찍질하다
ἐπανίστημι	들고일어나다, 대적하다
γονεύς	부모 (복수)
θανατόω	죽이다
οἰκοδεσπότης	집주인
Βεελζεβούλ	바알세불 (귀신의 우두머리)
ἐπικαλέω	부르다, 별명을 붙이다; 중간 호소하다
οἰκιακός	집안 식구
ἀποκαλύπτω	드러내다, 계시하다
οὖς	귀
δῶμα	지붕
στρουθίον	참새
ἀττάριον	앗사리온 (작은 동전)
πωλέομαι	팔리다 (πωλέω)
ἄνευ	~ 없이
ἀριθμέω	세다
ἀρνέομαι	부인하다, 모른다고 하다
μάχαιρα	칼
διχάζω	갈라놓다
νύμφη	며느리, 신부
σταυρός	십자가
ποτίζω	마시게 하다
ποτήριον	잔
ψυχρός	차가운
χωλός	다리를 저는
εὐαγγελίζομαι	기쁜 소식을 전하다
κάλαμος	갈대
σαλεύω	흔들다
μαλακός	부드러운
ἀμφί-ἀμφιέννυμι	입히다 (ἀμφιέννυμι)
φορέω	입고 다니다
γεννητός	태어난
βιάζω	힘으로 밀고 들어가다, 폭행을 당하다
βιαστής	힘센 사람, 폭력을 쓰는 사람
Ἡλίας	엘리야 (인명)
προσφωνέω	부르다, 소리쳐 말하다
αὐλέω	피리를 불다
θρηνέω	애곡하다
κόπτω	베다; 중간 가슴을 치며 울다
φάγος	먹보
οἰνοπότης	술꾼
δικαιόω	의롭다고 하다, 옳다고 인정하다
Χοραζίν	고라신 (지명)
Βηθσαϊδά(ν)	벳새다 (지명)
Τύρος	두로 (지명)
Σιδών	시돈 (지명)
σάκκος	굵은 베, 베옷
σποδός	재
ὑψόω	높이다
Ἅιδης	하데스, 저승
συνετός	슬기로운
νήπιος	어린아이
εὐδοκία	기뻐하심, 뜻
φορτίζω	짐을 지우다
ἀναπαύω	쉬게 하다; 중간 쉬다
ζυγόν	멍에
πραΰς	온유한
ἀνάπαυσις	쉼, 안식
χρηστός	편한, 친절한
φορτίον	짐
ἐλαφρός	가벼운
σπόριμος	씨 뿌린; τὰ σπόριμα 밀밭
τίλλω	뜯다
στάχυς	이삭
πρόθεσις	차려 놓음; 뜻, 목적; ἄρτοι τῆς προθέσεως 제단 빵
βεβηλόω	더럽히다, 범하다
ἀναίτιος	죄 없는
καταδικάζω	유죄 판결을 내리다
ξηρός	마른, 오그라든
ἐπερωτάω	묻다
κατηγορέω	고발하다
ἐμπίπτω	빠지다
ἀποκαθιστάνω	회복시키다 (ἀποκαθίστημι)
συμβούλιον	의논, 모의; συμβούλιον λαμβάνειν 의논하다
αἱρετίζω	택하다, 뽑다
ἐρίζω	다투다
κραυγάζω	소리 지르다
κατάγνυμι	꺾다, 부러뜨리다
λίνον	심지, 아마
τύφω	연기를 내다; 수동 연기 나며 꺼져 가다
σβέννυμι	끄다
νῖκος	승리
ἐξίστημι	놀라게 하다; 자동 놀라다, 제정신이 아니다
μερίζω	나누다; 수동 갈라지다
ἐρημόω	황폐하게 하다
φθάνω	먼저 이르다, 다다르다
σκεῦος	그릇, 살림, 기구
διάρπασις	약탈 (διαρπάζω 약탈하다)
σκορπίζω	흩다
βλασφημία	모독, 비방
περίττευμα	넘치는 것, 가득함
σημεῖον	표징, 표적, 신호
μοιχαλίς	간음하는 여자; 형 음란한
Ἰωνᾶς	요나 (인명)
κῆτος	큰 물고기, 바다 괴물
Νινευίτης	니느웨 사람
κατακρίνω	정죄하다, 유죄 판결하다
κήρυγμα	선포, 전도
βασίλιττα	여왕
νότος	남풍, 남쪽
πέρας	끝, 땅끝
ἄνυδρος	물 없는
ὅθεν	거기에서, 그래서
σχολάζω	비어 있다, 한가하다
σαρόω	쓸다
κοσμέω	꾸미다, 정돈하다
ἀδελφή	누이, 자매
κατά-κάθημαι	앉다 (κάθημαι)
αἰγιαλός	바닷가, 물가
κατεσθίω	먹어 치우다, 삼키다
πετρώδης	돌이 많은; τὰ πετρώδη 돌밭
ἐξανατέλλω	싹이 돋다
βάθος	깊이
καυματίζω	태우다; 수동 볕에 타다
ξηραίνω	마르게 하다; 수동 마르다
ἀποπνίγω	숨 막히게 하다, 기운을 막다
ἑξήκοντα	예순
ἀναπληρόω	채우다, 이루다
παχύνω	살찌게 하다; 수동 무디어지다
βαρέως	무겁게, 어렵게
καμμύω	눈을 감다
πρόσκαιρος	잠깐뿐인
διωγμός	박해
ἀπάτη	속임, 유혹
συμπνίγω	숨 막히게 하다
ἄκαρπος	열매 없는
καρποφορέω	열매를 맺다
παρατίθημι	앞에 내놓다; 중간 맡기다
σπέρμα	씨, 자손
ζιζάνιον	가라지
βλαστάνω	싹트다
πόθεν	어디서? 어떻게?
ἐκριζόω	뿌리째 뽑다
συναυξάνω	함께 자라게 하다; 수동 함께 자라다
θεριστής	추수꾼
δέσμη	다발, 단
κόκκος	알, 씨
σίναπι	겨자
λάχανον	채소, 풀
κλάδος	가지
ζύμη	누룩
ἐγκρύπτω	섞어 넣다, 숨기다
ἄλευρον	밀가루
σάτον	말 (곡식의 양 단위)
ζυμόω	부풀게 하다
ἐρεύγομαι	털어놓다, 쏟아 내다
καταβολή	기초, 창설; καταβολὴ κόσμου 세상 창조
διασαφέω	밝히다, 설명하다
συντέλεια	완성, 끝
σκάνδαλον	걸림돌, 넘어지게 하는 것
κάμινος	화덕, 용광로
ἐκλάμπω	빛을 내다
πωλέω	팔다
ἀγοράζω	사다
ἔμπορος	상인
πολύτιμος	매우 값진
πέρνημι	팔다 (완료 πέπρακα)
σαγήνη	후릿그물
ἀναβιβάζω	끌어올리다
ἀγγεῖον	그릇
ἀφορίζω	가르다, 따로 떼어 놓다
μαθητεύω	제자로 삼다; 수동 제자가 되다
μεταίρω	떠나다, 옮겨 가다
τέκτων	목수
ἀπιστία	믿지 않음
τετραάρχης	분봉왕
ἐνεργέω	작용하다, 일하다
ἀποτίθημι	내려놓다, 가두다, 벗어 버리다
Ἡρῳδιάς	헤로디아 (인명)
γενέσια	생일 잔치
προβιβάζω	부추기다
πίναξ	쟁반
λυπέω	근심하게 하다; 수동 슬퍼하다
ἀποκεφαλίζω	목을 베다
πτῶμα	시체, 주검
ἄρρωστος	병든
βρῶμα	음식
εὐλογέω	축복하다, 찬양하다
κλάω	(빵을) 떼다
κλάσμα	조각
κόφινος	바구니
πεντακισχίλιοι	오천
στάδιον	스타디온 (거리 단위, 약 185m)
ἐναντίος	맞서는, 거스르는
φάντασμα	유령, 환영
καταποντίζω	가라앉히다; 수동 물에 빠지다
ἐπιλαμβάνω	붙잡다 (중간태)
διστάζω	의심하다
κοπάζω	그치다, 잔잔해지다
Γεννησαρέτ	게네사렛 (지명)
διασῴζω	무사히 구하다; 수동 낫다
παραβαίνω	어기다
παράδοσις	전통, 전해 준 것
κακολογέω	욕하다
ἀκυρόω	무효로 하다, 폐하다
χεῖλος	입술
πόρρω	멀리
σέβομαι	경배하다, 섬기다
ἔνταλμα	계명, 규정
κοινόω	속되게 하다, 더럽히다
φυτεία	심은 것
φυτεύω	심다
ὁδηγός	길잡이, 안내자
ἀκμήν	아직도
ἀσύνετος	깨닫지 못하는
εἰσπορεύω	들어가다 (중간태)
ἀφεδρών	뒷간, 변소
διαλογισμός	생각, 의논, 논쟁
φόνος	살인
μοιχεία	간음
κλοπή	도둑질
ψευδομαρτυρία	거짓 증언
ἄνιπτος	씻지 않은
Χαναναῖος	가나안 사람
κυνάριον	강아지
ψιχίον	부스러기
τράπεζα	상, 식탁; 탁자
κυλλός	몸이 뒤틀린, 불구의
προσμένω	머물러 있다, 함께 있다
νῆστις	굶은
ἐρημία	광야, 외딴곳
ἰχθύδιον	작은 물고기
ἀναπίπτω	(식탁에) 앉다, 기대다
σφυρίς	광주리
τετρακισχίλιοι	사천
Μαγαδάν	마가단 (지명)
εὐδία	좋은 날씨
πυρράζω	붉다
πρωί	아침에, 일찍
χειμών	겨울; 궂은 날씨
στυγνάζω	흐리다; 침울해지다
διακρίνω	분별하다; 중간·수동 의심하다
ἐπιλανθάνομαι	잊다
διαλογίζομαι	생각하다, 서로 의논하다
Καισάρεια	가이사랴 (지명)
Μακάριος	복된, 행복한 (μακάριος)
Βαριωνᾶ	바요나 ('요나의 아들')
αἷμα	피
κατισχύω	이기다
κλείς	열쇠
ἀρχιέρεως	대제사장 (ἀρχιερεύς)
προσλαμβάνω	데려가다, 받아들이다 (중간태)
ἴλαος	자비로운; ἵλεώς σοι 그럴 수 없습니다
ἀπαρνέομαι	부인하다
μεταμορφόω	모습을 바꾸다; 수동 변모하다
συλλαλέω	함께 이야기하다
νεφέλη	구름
ἐπισκιάζω	그늘지게 하다, 덮다
ἐπαίρω	들어 올리다
ὅραμα	본 것, 환상
γονυπετέω	무릎을 꿇다
ἄπιστος	믿지 않는
διαστρέφω	비뚤어지게 하다
ὀλιγοπιστία	믿음이 적음
ἀδυνατέω	불가능하다
συστρέφω	모으다; 수동 모이다
δίδραχμον	두 드라크마 (성전세)
προφθάνω	먼저 하다, 앞질러 말하다
κῆνσος	인두세, 세금
ἀλλότριος	남의, 낯선
ἄγκιστρον	낚시
στατήρ	스타테르 (은전)
ταπεινόω	낮추다
κρεμάννυμι	매달다
μύλος	맷돌
ὀνικός	나귀가 돌리는
τράχηλος	목
πέλαγος	깊은 바다
αἰώνιος	영원한
μονόφθαλμος	한 눈의
ἐνενήκοντα	아흔
μεταξύ	사이에
παρακούω	듣지 않다
συμφωνέω	마음을 모으다, 합의하다
ποσάκις	몇 번이나
ἑπτάκις	일곱 번
ἑβδομηκοντάκις	일흔 번
συναίρω	셈하다; λόγον συναίρειν 셈을 하다
προσάγω	데려오다
μακροθυμέω	참다
δάνειον	빚
σύνδουλος	동료 종
δηνάριον	데나리온 (하루 품삯의 은전)
πνίγω	목을 조르다
ὀφειλή	빚, 의무
βασανιστής	형리, 고문하는 사람
κτίζω	창조하다
ἄρσην	남자의, 남성
θῆλυς	여자의, 여성
κολλάω	붙이다; 수동 결합하다
συζεύγνυμι	짝지어 주다
χωρίζω	갈라놓다
σκληροκαρδία	완고한 마음
εὐνοῦχος	고자, 내시
εὐνουχίζω	고자로 만들다
ψευδομαρτυρέω	거짓 증언하다
ὑστερέω	모자라다
δεῦρο	이리로, 자
κτῆμα	재산
δύσκολος	어려운
τρῆμα	구멍
ῥαφίς	바늘
παλιγγενεσία	새 세상, 재생
καθίημι	앉다 (κάθημαι 미래)
πολλαπλασίων	여러 배의
μισθόω	고용하다 (중간태)
ἀμπελών	포도원
ἕκτος	여섯째
ἔνατος	아홉째
ὡσαύτως	마찬가지로
ἑνδέκατος	열한째
ἐπίτροπος	관리인, 청지기
γογγύζω	투덜거리다
βάρος	무게, 짐
καύσων	더위, 뜨거운 바람
εὐώνυμος	왼쪽의
ἀγανακτέω	분개하다
κατακυριεύω	지배하다, 내리누르다
κατεξουσιάζω	권세를 부리다
διάκονος	섬기는 사람, 일꾼, 집사
λύτρον	몸값
Ἰεριχώ	여리고 (지명)
φωνέω	부르다; (닭이) 울다
ὄμμα	눈
Βηθφαγή	벳바게 (지명)
ἐλαία	올리브나무; τὸ ὄρος τῶν ἐλαιῶν 올리브 산
κατέναντι	맞은편에
πῶλος	나귀 새끼
Σιών	시온 (지명)
ἐπιβαίνω	올라타다
ὑποζύγιον	멍에 메는 짐승, 나귀
καθώς	~처럼, ~대로
συντάττω	지시하다
ἐπικαθίζω	올라앉다
στρωννύω	펴다, 깔다
στόρεννυμι	펴다, 깔다
ὡσαννά	호산나
ὕψιστος	가장 높은
σείω	흔들다; 수동 술렁이다
κολλυβιστής	돈 바꾸는 사람
καταστρέφω	뒤엎다
καθέδρα	의자, 자리
προσευχή	기도
σπήλαιον	굴, 소굴
θαυμάσιος	놀라운
αἶνος	찬양
Βηθανία	베다니 (지명)
αὐλίζομαι	밤을 지내다
ἐπανάγω	돌아오다
συκῆ	무화과나무
παραχρῆμα	곧, 즉시
μεταμέλομαι	뉘우치다
πόρνη	창녀
φραγμός	울타리
περιτίθημι	둘러 두다, 씌우다
ὀρύττω	파다
ληνός	포도즙 틀
πύργος	망대
ἐκδίδωμι	세를 주다 (중간태)
γεωργός	농부
ἀποδημέω	멀리 떠나다
δέρω	때리다
λιθοβολέω	돌로 치다
ἐντρέπω	부끄럽게 하다; 수동 존중하다
κληρονόμος	상속자
κληρονομία	유산
ἀποδοκιμάζω	버리다, 거부하다
συνθλάω	부서뜨리다
λικμάω	가루로 만들다
ἄριστον	아침 식사, 식사
ταῦρος	황소
σιτιστός	살진
ἀμελέω	소홀히 하다
ἐμπορία	장사
ὑβρίζω	모욕하다
φονεύς	살인자
ἐμπίπρημι	불사르다
διέξοδος	(큰길의) 어귀
πίμπλημι	채우다; 수동 가득 차다
φιμόω	입을 막다; 수동 잠잠하다
κλητός	부름을 받은
ἐκλεκτός	뽑힌, 택함을 받은
παγιδεύω	올무에 걸리게 하다
Ἡρῳδιανοί	헤롯 당원들
πονηρία	악함, 악의
νόμισμα	돈, 화폐
ἐπιγραφή	새긴 글, 명문
ἀνάστασις	부활, 일어남
ἐπιγαμβρεύω	(형수와) 결혼하다
γαμίζω	시집보내다; 수동 시집가다
νομικός	율법 교사; 형 율법의
διάνοια	생각, 뜻, 마음
ὑποκάτω	아래에
λέγος	말하다 (λέγω)
δεσμεύω	묶다
ὦμος	어깨
δάκτυλος	손가락
κινέω	움직이다
πλατύνω	넓히다
φυλακτήριον	성구 상자
μεγαλύνω	크게 하다, 찬양하다
πρωτοκλισία	윗자리
πρωτοκαθεδρία	높은 자리
ἀσπασμός	인사, 문안
ῥαββί	랍비, 선생님
καθηγητής	지도자, 선생
προσήλυτος	개종자
ἀποδεκατόω	십일조를 바치다
ἡδύοσμον	박하
ἄνηθον	회향
κύμινον	소회향
διυλίζω	걸러 내다
κώνωψ	하루살이
καταπίνω	삼키다
ἔξωθεν	밖에서, 겉으로
παροψίς	접시
γέμω	가득 차다
ἁρπαγή	약탈, 탐욕
ἀκρασία	방종
ἐντός	안에; τὸ ἐντός 속
ἐκτός	밖에; τὸ ἐκτός 겉
παρομοιάζω	비슷하다
τάφος	무덤
κονιάω	회칠하다
ὡραῖος	아름다운
ὀστέον	뼈
ἀκαθαρσία	더러움
μεστός	가득 찬
ὑπόκρισις	위선
κοινωνός	동료, 함께하는 사람
Ἅβελ	아벨 (인명)
Ζαχαρίας	사가랴 (인명)
Βαραχίας	바라갸 (인명)
ἐπισυνάγω	모으다
ὄρνις	새, 암탉
νοττίον	새끼 (새)
πτέρυξ	날개
οἰκοδομή	건물, 세움
παρουσία	오심, 와 있음
θροέω	놀라게 하다; 수동 놀라다
λιμός	기근, 굶주림
ὠδίν	해산의 고통, 진통
ψύχω	식히다; 수동 식다
οἰκουμένη	온 세상, 사람 사는 땅
βδέλυγμα	가증스러운 것
ἐρήμωσις	황폐
Δανιήλ	다니엘 (인명)
κολοβόω	줄이다
ψευδόχριστος	거짓 그리스도
τέρας	기적, 놀라운 일
προλέγω	미리 말하다
ἀστραπή	번개
ἀετός	독수리
σκοτίζω	어둡게 하다
φέγγος	빛
σάλπιγξ	나팔
ἄκρον	끝
ἁπαλός	연한
ἐκφύω	(잎을) 내다
θέρος	여름
Νῶε	노아 (인명)
κατακλυσμός	홍수
τρώγω	먹다
κιβωτός	방주, 궤
ἀλήθω	(맷돌을) 갈다
γρηγορέω	깨어 있다
οἰκετεία	집안 하인들
χρονίζω	늦어지다
τύπτω	때리다
μεθύω	술 취하다
διχοτομέω	둘로 쪼개다; 몹시 벌하다
λαμπάς	등불, 횃불
νυστάζω	졸다
κραυγή	외침, 고함
ἀπάντησις	마중
σκληρός	굳은, 가혹한
διασκορπίζω	흩다, 뿌리다
ὀκνηρός	게으른
τραπεζίτης	돈놀이하는 사람, 은행가
τόκος	이자
ἀχρεῖος	쓸모없는
ἔριφος	염소
ἐρίφιον	염소
καταράομαι	저주하다
κόλασις	형벌
πάσχα	유월절, 유월절 양
Καϊάφας	가야바 (인명)
δόλος	속임수
ἑορτή	명절, 절기
ἀλάβαστρος	옥합, 향유병
μύρον	향유
βαρύτιμος	매우 값진
καταχέω	붓다
κόπος	수고, 괴로움
ἐνταφιάζω	장사 지낼 준비를 하다
μνημόσυνον	기념, 기억
εὐκαιρία	좋은 기회
ἄζυμος	누룩 없는; τὰ ἄζυμα 무교절
δεῖνα	아무개
ἐμβάπτω	담그다
τρύβλιον	대접, 그릇
διαθήκη	언약, 유언
γένημα	소산, 열매
ἄμπελος	포도나무
ὑμνέω	찬송하다
πατάττω	치다
ποίμνη	양 떼
ἀλέκτωρ	수탉
Γεθσημανί	겟세마네 (지명)
αὐτοῦ	(부사) 여기에, 거기에
ἀδημονέω	괴로워하다
περίλυπος	몹시 슬픈
προέρχομαι	앞으로 나아가다, 앞서가다
βαρέω	무겁게 하다; 수동 무거워지다
ξύλον	나무, 몽둥이
καταφιλέω	입을 맞추다
ἀποσπάω	빼다, 떼어 놓다
ἀφαιρέω	잘라 내다, 빼앗다
ὠτίον	귀
παρίστημι	곁에 세우다; 자동 곁에 서다
κατά-καθέζομαι	앉다 (καθέζομαι)
μακρόθεν	멀리서
ψευδομάρτυς	거짓 증인
καταμαρτυρέω	불리하게 증언하다
ἐξορκίζω	맹세하게 하다
διαρρήγνυμι	찢다
ἐμπτύω	침을 뱉다
κολαφίζω	주먹으로 치다
παίω	치다
παιδίσκη	하녀, 여종
πυλών	대문, 문간
λαλιά	말씨, 말
καταθεματίζω	저주하다
πρωΐα	이른 아침
Πιλᾶτος	빌라도 (인명)
ἀπάγχω	목을 매다 (중간태)
κορβανᾶς	성전 금고
κεραμεύς	토기장이
ταφή	매장, 묘지
καθά	~대로
εἴωθα	습관이 있다, 관례이다
δέσμιος	죄수
ἐπίσημος	이름난
Βαραββᾶς	바라바 (인명)
βῆμα	재판석
ἀπονίζω	씻다 (중간태)
Ἀθῷος	죄 없는, 책임 없는 (ἀθῷος)
φραγελλόω	채찍질하다
πραιτώριον	총독 관저
σπεῖρα	부대 (로마 보병대)
ἐκδύω	옷을 벗기다
χλαμύς	망토
κόκκινος	주홍색의
πλέκω	엮다
Κυρηναῖος	구레네 사람
Γολγοθᾶ	골고다 (지명)
κρανίον	해골
χολή	쓸개
μείγνυμι	섞다
διαμερίζω	나누다
κλῆρος	제비; 몫
παραπορεύομαι	지나가다
ἑλωΐ	엘로이 ('나의 하나님')
λεμά	레마 ('어찌하여')
σαβαχθάνι	사박다니 ('나를 버리셨습니까')
ἐγκαταλείπω	버리다
σπόγγος	해면
ὄξος	신 포도주
λόγχη	창
νύττω	찌르다
πλευρά	옆구리
καταπέτασμα	휘장
σχίζω	찢다
ἄνωθεν	위에서부터; 새로
ἔγερσις	일어남, 부활
ἐμφανίζω	나타내다; 수동 나타나다
Μαγδαληνή	막달라 여자
Ἁριμαθαία	아리마대 (지명)
ἐντυλίττω	싸다
σινδών	삼베, 고운 베
λατομέω	(바위를) 파다
προσκυλίω	굴려 대다
ἀπέναντι	맞은편에
ἐπαύριον	이튿날
παρασκευή	준비일
πλάνος	속이는 자
ἀσφαλίζομαι	단단히 지키다
πλάνη	속임, 미혹
κουστωδία	경비병
σφραγίζω	봉인하다, 인치다
ὀψέ	늦게; (속격) ~이 지나서
ἐπιφώσκω	날이 밝아 오다
ἀπό-κυλίνδω	굴려 내다 (ἀποκυλίω)
εἰδέα	모습
χιών	눈
ἀμέριμνος	걱정 없는
Ἐλιακίμ	엘리아김 (인명)
τρύπημα	구멍
ἱνατί	어찌하여, 왜
διαρπάζω	약탈하다, 털다
καταβιβάζω	끌어내리다; 수동 떨어지다
κατασκηνόω	깃들이다, 둥지를 틀다
συσταυρόω	함께 십자가에 못 박다
φημίζω	퍼뜨리다; διαφημίζω 널리 퍼뜨리다
κεραία	획, 글자의 작은 획
σπυρίς	광주리
λεγιών	군단 (로마 군대 단위)
ἀποκυλίω	굴려 내다
