# 신약 전권 — Morpheus 에 문맥에 맞는 분석이 없는 형태 (히브리 · 아람 이름, 코이네 꼴, 표제어 오분석). PROIEL 트리뱅크의 문맥 분석에서 만든다 (tools/nt_units.py).
# 형태<TAB>표제어<TAB>분석 코드<TAB>근거
Αἰνέα	Αἰνέας	m voc sg	PROIEL ACTS 9.34 (Ne)
Αἰνέαν	Αἰνέας	m acc sg	PROIEL ACTS 9.33 (Ne)
Αἰνών	Αἰνών		PROIEL JOHN 3.23 (Ne)
Βάαλ	Βάαλ		PROIEL ROM 11.4 (Ne)
Βαβψλών	Βαβυλών	f nom sg	PROIEL REV 16.19 (Ne)
Βαλάκ	Βαλάκ		PROIEL REV 2.14 (Ne)
Βαλαάμ	Βαλαάμ		PROIEL REV 2.14 (Ne)
Βαράκ	Βαράκ		PROIEL HEB 11.32 (Ne)
Βαραββᾶν	Βαραββᾶς	m acc sg	PROIEL JOHN 18.40 (Ne)
Βαραββᾶς	Βαραββᾶς	m nom sg	PROIEL JOHN 18.40 (Ne)
Βαραχίου	Βαραχίας	m gen sg	PROIEL MATT 23.35 (Ne)
Βαρθολομαῖον	Βαρθολομαῖος	m acc sg	PROIEL LUKE 6.14 (Ne)
Βαρθολομαῖος	Βαρθολομαῖος	m nom sg	PROIEL ACTS 1.13 (Ne)
Βαριησοῦς	Βαριησοῦς	m gen sg	PROIEL ACTS 13.6 (Ne)
Βαριωνᾶ	Βαριωνᾶ	m voc sg	PROIEL MATT 16.17 (Ne)
Βαρσαββᾶν	Βαρσαββᾶς		PROIEL ACTS 1.23 (Ne)
Βαρσαββᾶν	Βαρσαββᾶς	m acc sg	PROIEL ACTS 15.22 (Ne)
Βαρτίμαιος	Βαρτιμαῖος	m nom sg	PROIEL MARK 10.46 (Ne)
Βελίαρ	Βελιάρ		PROIEL 2COR 6.15 (Ne)
Βενιαμείν	Βενιαμ(ε)ίν		PROIEL REV 7.8 (Ne)
Βερνίκη	Βερνίκη	f nom sg	PROIEL ACTS 26.30 (Ne)
Βερνίκης	Βερνίκη	f gen sg	PROIEL ACTS 25.23 (Ne)
Βεροιαῖος	Βεροιαῖος	m nom sg	PROIEL ACTS 20.4 (A-)
Βηθανία	Βηθανία	f nom sg	PROIEL JOHN 11.18 (Ne)
Βηθανίαν	Βηθανία	f acc sg	PROIEL JOHN 12.1 (Ne)
Βηθανιά	Βηθανία	f acc sg	PROIEL LUKE 19.29 (Ne)
Βηθζαθά	Βηθζαθά		PROIEL JOHN 5.2 (Ne)
Βηθλεέμ	Βηθλέεμ		PROIEL JOHN 7.42 (Ne)
Βηθσαιδά	Βηθσαϊδά(ν)		PROIEL JOHN 12.21 (Ne)
Βηθσαιδάν	Βηθσαϊδά(ν)		PROIEL MARK 8.22 (Ne)
Βηθφαγή	Βηθφαγή		PROIEL LUKE 19.29 (Ne)
Βιθυνίαν	Βιθυνία	f acc sg	PROIEL ACTS 16.7 (Ne)
Βιθυνίας	Βιθυνία	f gen sg	PROIEL 1PET 1.1 (Ne)
Βλάστον	Βλάστος	m acc sg	PROIEL ACTS 12.20 (Ne)
Βοές	Βόες		PROIEL MATT 1.5 (Ne)
Βοανηργές	Βοανηργές		PROIEL MARK 3.17 (Ne)
Βοός	Βόος		PROIEL LUKE 3.32 (Ne)
Βᾳρνάβα	Βαρναβᾶς	m gen sg	PROIEL ACTS 11.30 (Ne)
Γάδ	Γάδ		PROIEL REV 7.5 (Ne)
Γέγοναν	γίγνομαι	perf ind act 3 pl	PROIEL REV 21.6 (V-)
Γαββαθά	Γαββαθά		PROIEL JOHN 19.13 (Ne)
Γαβριήλ	Γαβριήλ		PROIEL LUKE 1.26 (Ne)
Γαλάται	Γαλάτης	m voc pl	PROIEL GAL 3.1 (Nb)
Γαλατίαν	Γαλατία	f acc sg	PROIEL 2TIM 4.10 (Ne)
Γαλατίας	Γαλατία	f gen sg	PROIEL 1PET 1.1 (Ne)
Γαλιλαία	Γαλιλαία	f voc sg	PROIEL MATT 4.15 (Ne)
Γαλιλαίαν	Γαλιλαία	f acc sg	PROIEL JOHN 4.54 (Ne)
Γαλιλαίας	Γαλιλαία	f gen sg	PROIEL ACTS 13.31 (Ne)
Γαλιλαίου	Γαλιλαῖος	m/n gen sg	PROIEL MATT 26.69 (A-)
Γαλιλαίους	Γαλιλαῖος	m acc pl	PROIEL LUKE 13.2 (A-)
Γαλιλαίων	Γαλιλαῖος	m gen pl	PROIEL LUKE 13.1 (A-)
Γαλιλαίᾳ	Γαλιλαία	f dat sg	PROIEL JOHN 7.9 (Ne)
Γαλιλαῖοι	Γαλιλαῖος	m nom pl	PROIEL ACTS 2.7 (A-)
Γαλιλαῖος	Γαλιλαῖος	m nom sg	PROIEL ACTS 5.37 (A-)
Γαλλίων	Γαλλίων	m nom sg	PROIEL ACTS 18.14 (Ne)
Γαλλίωνος	Γαλλίων	m gen sg	PROIEL ACTS 18.12 (Ne)
Γαμαλιήλ	Γαμαλιήλ		PROIEL ACTS 22.3 (Ne)
Γεδεών	Γεδεών		PROIEL HEB 11.32 (Ne)
Γεθσημανεί	Γεθσημανί		PROIEL MARK 14.32 (Ne)
Γεννησαρέτ	Γεννησαρέτ		PROIEL LUKE 5.1 (Ne)
Γνῶθι	γιγνώσκω	aor imp pass 2 sg	PROIEL HEB 8.11 (V-)
Γολγοθά	Γολγοθᾶ		PROIEL JOHN 19.17 (Ne)
Γολγοθάν	Γολγοθᾶ	f acc sg	PROIEL MARK 15.22 (Ne)
Γομόρρων	Γόμορρα	n gen pl	PROIEL MATT 10.15 (Ne)
Γόμορρα	Γόμορρα	f nom sg	PROIEL ROM 9.29 (Ne)
Γώγ	Γὼγ		PROIEL REV 20.8 (Ne)
Δάμαρις	Δάμαρις	f nom sg	PROIEL ACTS 17.34 (Ne)
Δαλμανουθά	Δαλμανουθά		PROIEL MARK 8.10 (Ne)
Δαμασκόν	Δαμασκός	f acc sg	PROIEL GAL 1.17 (Ne)
Δαμασκῷ	Δαμασκός	f dat sg	PROIEL 2COR 11.32 (Ne)
Δανιήλ	Δανιήλ		PROIEL MATT 24.15 (Ne)
Δαυείδ	Δαυίδ		PROIEL REV 22.16 (Ne)
Δεήθητε	δέω#2	aor imp pass 2 pl	PROIEL ACTS 8.24 (V-)
Δερβαῖος	Δερβαῖος	m nom sg	PROIEL ACTS 20.4 (A-)
Δημᾶς	Δημᾶς	m nom sg	PROIEL PHILEM 1.24 (Nb)
Διοσκούροις	Διόσκουρος	m dat pl	PROIEL ACTS 28.11 (Nb)
Δρουσίλλῃ	Δρουσίλλα	f dat sg	PROIEL ACTS 24.24 (Ne)
Επειδή	ἐπειδή		PROIEL LUKE 7.1 (G-)
Εἴδαμεν	ὁράω	aor ind act 1 pl	PROIEL LUKE 5.26 (V-)
Εὐλογημένη	εὐλογέω	perf ptcp pass f nom sg	PROIEL LUKE 1.42 (V-)
Εὐλογημένος	εὐλογέω	perf ptcp pass m nom sg	PROIEL LUKE 19.38 (V-)
Εὐφράνθητε	εὐφραίνω	aor imp pass 2 pl	PROIEL ROM 15.10 (V-)
Εὔτυχος	Εὔτυχος	m nom sg	PROIEL ACTS 20.9 (Ne)
Εὕαν	Εὕα	f acc sg	PROIEL 2COR 11.3 (Ne)
Ζαβουλών	Ζαβουλών		PROIEL REV 7.8 (Ne)
Ζακχαῖε	Ζακχαῖος	m voc sg	PROIEL LUKE 19.5 (Ne)
Ζακχαῖος	Ζακχαῖος	m nom sg	PROIEL LUKE 19.8 (Ne)
Ζαρά	Ζάρα		PROIEL MATT 1.3 (Ne)
Ζεβεδαίου	Ζεβεδαῖος	m gen sg	PROIEL JOHN 21.2 (Ne)
Ζεβεδαῖον	Ζεβεδαῖος	m acc sg	PROIEL MARK 1.20 (Ne)
Ζοροβάβελ	Ζοροβαβέλ		PROIEL LUKE 3.27 (Ne)
Ζῶσαι	ζωννύω	aor imp mid 2 sg	PROIEL ACTS 12.8 (V-)
Θάμαρ	Θαμάρ		PROIEL MATT 1.3 (Ne)
Θαδδαῖον	Θαδδαῖος	m acc sg	PROIEL MARK 3.18 (Ne)
Θαρά	Θάρα		PROIEL LUKE 3.34 (Ne)
Θευδᾶς	Θευδᾶς	m nom sg	PROIEL ACTS 5.36 (Ne)
Θυάτειρα	Θυάτειρα	n acc pl	PROIEL REV 1.11 (Ne)
Θυατείροις	Θυάτειρα	n dat pl	PROIEL REV 2.24 (Ne)
Θυατείρων	Θυάτειρα	n gen pl	PROIEL ACTS 16.14 (Ne)
Θυγάτηρ	θυγάτηρ	f voc sg	PROIEL LUKE 8.48 (Nb)
Θωμᾶς	Θωμᾶς	m nom sg	PROIEL ACTS 1.13 (Ne)
Κάθημαι	κάθημαι	pres ind mid 1 sg	PROIEL REV 18.7 (V-)
Κάθου	κάθημαι	pres imp mid 2 sg	PROIEL HEB 1.13 (V-)
Κάρπῳ	Κάρπος	m dat sg	PROIEL 2TIM 4.13 (Ne)
Καίν	Κάϊν		PROIEL HEB 11.4 (Ne)
Καθάπερ	καθάπερ		PROIEL 1COR 12.12 (Dq)
Καθημένου	κάθημαι	pres ptcp mid m gen sg	PROIEL MATT 27.19 (V-)
Καιάφα	Καϊάφας	m gen sg	PROIEL JOHN 18.28 (Ne)
Καιάφαν	Καϊάφας	m acc sg	PROIEL JOHN 18.24 (Ne)
Καιάφας	Καϊάφας	m nom sg	PROIEL ACTS 4.6 (Ne)
Καινάμ	Καϊνάμ		PROIEL LUKE 3.37 (Ne)
Καισαρίαν	Καισάρεια	f acc sg	PROIEL ACTS 25.13 (Ne)
Καισαρίας	Καισάρεια	f gen sg	PROIEL ACTS 25.1 (Ne)
Καισαρίᾳ	Καισάρεια	f dat sg	PROIEL ACTS 10.1 (Ne)
Κανά	Κανά		PROIEL JOHN 21.2 (Ne)
Καναναῖον	Καναναῖος	m acc sg	PROIEL MARK 3.18 (A-)
Καναναῖος	Καναναῖος	m nom sg	PROIEL MATT 10.4 (A-)
Κατήντησεν	καταντάω	aor ind act 3 sg	PROIEL ACTS 16.1 (V-)
Καταβάντος	καταβαίνω	aor ptcp act m dat sg	PROIEL MATT 8.1 (V-)
Καφαρναούμ	Καφαρναούμ		PROIEL JOHN 6.59 (Ne)
Καῦδα	Καῦδα		PROIEL ACTS 27.16 (Ne)
Κείς	Κίς		PROIEL ACTS 13.21 (Ne)
Κενχρεαῖς	Κεγχρεαί	f dat pl	PROIEL ROM 16.1 (Nb)
Κεφάλαιον	κεφάλαιον	n nom sg	PROIEL HEB 8.1 (Nb)
Κηφᾶ	Κηφᾶς	m gen sg	PROIEL 1COR 1.12 (Ne)
Κηφᾶν	Κηφᾶς	m acc sg	PROIEL GAL 1.18 (Ne)
Κηφᾶς	Κηφᾶς	m nom sg	PROIEL GAL 2.11 (Ne)
Κηφᾷ	Κηφᾶς	m dat sg	PROIEL GAL 2.14 (Ne)
Κιλικίαν	Κιλικία	f acc sg	PROIEL ACTS 27.5 (Ne)
Κιλικίας	Κιλικία	f gen sg	PROIEL GAL 1.21 (Ne)
Κλήμεντος	Κλήμης	m gen sg	PROIEL PHIL 4.3 (Ne)
Κλαυδία	Κλαυδία	f nom sg	PROIEL 2TIM 4.21 (Ne)
Κλεόπας	Κλεοπᾶς	m nom sg	PROIEL LUKE 24.18 (Ne)
Κλωπᾶ	Κλωπᾶς	m gen sg	PROIEL JOHN 19.25 (Ne)
Κνίδον	Κνίδος	f acc sg	PROIEL ACTS 27.7 (Ne)
Κολοσσαῖς	Κολοσσαί	f dat pl	PROIEL COL 1.2 (Ne)
Κορβάν	κορβᾶν		PROIEL MARK 7.11 (F-)
Κούαρτος	Κούαρτος	m nom sg	PROIEL ROM 16.23 (Nb)
Κρήσκης	Κρήσκης	m nom sg	PROIEL 2TIM 4.10 (Ne)
Κρίσπον	Κρίσπος	m acc sg	PROIEL 1COR 1.14 (Ne)
Κρίσπος	Κρίσπος	m nom sg	PROIEL ACTS 18.8 (Ne)
Κυρηνίο	Κυρήνιος	m gen sg	PROIEL LUKE 2.2 (Ne)
Κυρηνίου	Κυρήνιος	m gen sg	PROIEL LUKE 2.2 (Ne)
Κωσάμ	Κωσάμ		PROIEL LUKE 3.28 (Ne)
Κἀκεῖ	καί		PROIEL ACTS 27.6 (C-)
Κἄν	ἐάν		PROIEL MATT 26.35 (G-)
Κῶ	Κώς	f acc sg	PROIEL ACTS 21.1 (Ne)
Λάζαρε	Λάζαρος	m voc sg	PROIEL JOHN 11.43 (Ne)
Λάζαρον	Λάζαρος	m acc sg	PROIEL JOHN 12.17 (Ne)
Λάζαρος	Λάζαρος	m nom sg	PROIEL JOHN 12.2 (Ne)
Λάμεχ	Λάμεχ		PROIEL LUKE 3.36 (Ne)
Λαλούν	λαλέω	pres ptcp act m gen pl	PROIEL ACTS 4.1 (V-)
Λαοδικέων	Λαοδικεύς	m gen pl	PROIEL COL 4.16 (Nb)
Λαοδικίαν	Λαοδίκεια	f acc sg	PROIEL REV 1.11 (Ne)
Λαοδικίας	Λαοδίκεια	f gen sg	PROIEL COL 4.16 (Ne)
Λαοδικίᾳ	Λαοδίκεια	f dat sg	PROIEL REV 3.14 (Ne)
Λασέα	Λασαία	f nom sg	PROIEL ACTS 27.8 (Ne)
Λεγιών	λεγιών	m nom sg	PROIEL LUKE 8.30 (Nb)
Λευεί	Λευί		PROIEL REV 7.7 (Ne)
Λευείν	Λευί	m acc sg	PROIEL LUKE 5.27 (Ne)
Λευείς	Λευεὶς		PROIEL HEB 7.9 (Ne)
Λευείς	Λευί	m nom sg	PROIEL LUKE 5.29 (Ne)
Λευείτας	Λευίτης	m acc pl	PROIEL JOHN 1.19 (Nb)
Λευείτης	Λευίτης	m nom sg	PROIEL ACTS 4.36 (Nb)
Λευειτικῆς	Λευιτικός	f gen sg	PROIEL HEB 7.11 (A-)
Λουκᾶς	Λουκᾶς	m nom sg	PROIEL PHILEM 1.24 (Nb)
Λυκαονιστί	λυκαονιστί		PROIEL ACTS 14.11 (Df)
Λωίδι	Λωΐς	f dat sg	PROIEL 2TIM 1.5 (Ne)
Λύδδα	Λύδδα		PROIEL ACTS 9.35 (Ne)
Λύδδας	Λύδδα	f gen sg	PROIEL ACTS 9.38 (Ne)
Λύστροις	Λύστρα	n dat pl	PROIEL 2TIM 3.11 (Ne)
Λώτ	Λώτ		PROIEL LUKE 17.32 (Ne)
Μάρθα	Μάρθα	f nom sg	PROIEL JOHN 12.2 (Ne)
Μάρθα	Μάρθα	f voc sg	PROIEL LUKE 10.41 (Ne)
Μάρθαν	Μάρθα	f acc sg	PROIEL JOHN 11.19 (Ne)
Μάρθας	Μάρθα	f gen sg	PROIEL JOHN 11.1 (Ne)
Μαάθ	Μάαθ		PROIEL LUKE 3.26 (Ne)
Μαγαδάν	Μαγαδάν		PROIEL MATT 15.39 (Ne)
Μαγδαληνή	Μαγδαληνή	f nom sg	PROIEL JOHN 20.18 (Nb)
Μαγδαληνῇ	Μαγδαληνή	f dat sg	PROIEL MARK 16.9 (Nb)
Μαγώγ	Μαγώγ		PROIEL REV 20.8 (Ne)
Μαδιάμ	Μαδιάμ		PROIEL ACTS 7.29 (Nb)
Μαθθάν	Ματθάν		PROIEL MATT 1.15 (Ne)
Μαθθάτ	Μαθθάθ		PROIEL LUKE 3.29 (Ne)
Μαθθίαν	Μαθθίας	m acc sg	PROIEL ACTS 1.26 (Ne)
Μαθθαῖον	Μαθθαῖος	m acc sg	PROIEL LUKE 6.15 (Ne)
Μαθθαῖος	Μαθθαῖος	m nom sg	PROIEL ACTS 1.13 (Ne)
Μαθουσαλά	Μαθουσαλά		PROIEL LUKE 3.37 (Ne)
Μαλελεήλ	Μαλελεήλ		PROIEL LUKE 3.37 (Ne)
Μαναήν	Μαναήν		PROIEL ACTS 13.1 (Ne)
Μανασσῆ	Μανασσῆς	m acc sg	PROIEL MATT 1.10 (Ne)
Μανασσῆ	Μανασσῆς	m gen sg	PROIEL REV 7.6 (Ne)
Μανασσῆς	Μανασσῆς	m nom sg	PROIEL MATT 1.10 (Ne)
Μαρία	Μαρία	f nom sg	PROIEL LUKE 24.10 (Ne)
Μαριάμ	Μαρία		PROIEL ACTS 1.14 (Ne)
Μαριάμ	Μαρία	f nom sg	PROIEL JOHN 12.3 (Ne)
Ματθάτ	Μαθθάθ		PROIEL LUKE 3.24 (Ne)
Ματταθά	Ματταθά		PROIEL LUKE 3.31 (Ne)
Ματταθίου	Ματταθίας	m gen sg	PROIEL LUKE 3.26 (Ne)
Μελεά	Μελεά		PROIEL LUKE 3.31 (Ne)
Μελιτήνη	Μελίτη	f nom sg	PROIEL ACTS 28.1 (Ne)
Μελχεί	Μελχεὶ		PROIEL LUKE 3.28 (Ne)
Μελχισέδεκ	Μελχισέδεκ		PROIEL HEB 5.6 (Ne)
Μελχισεδέκ	Μελχισέδεκ		PROIEL HEB 7.17 (Ne)
Μεννά	Μεννά		PROIEL LUKE 3.31 (Ne)
Μενοῦν	μενοῦν		PROIEL LUKE 11.28 (Df)
Μεσσίας	Μεσσίας	m nom sg	PROIEL JOHN 4.25 (Ne)
Μετάβα	μεταβαίνω	aor imp act 2 sg	PROIEL MATT 17.20 (V-)
Μιχαήλ	Μιχαήλ		PROIEL REV 12.7 (Ne)
Μνάσωνι	Μνάσων	m dat sg	PROIEL ACTS 21.16 (Ne)
Μολόχ	Μόλοχ		PROIEL ACTS 7.43 (Ne)
Μωυσέα	Μωϋσῆς	m acc sg	PROIEL LUKE 16.29 (Ne)
Μωυσέως	Μωϋσῆς	m gen sg	PROIEL REV 15.3 (Ne)
Μωυσεῖ	Μωϋσῆς	m dat sg	PROIEL 2TIM 3.8 (Ne)
Μωυσῆν	Μωϋσῆς	m acc sg	PROIEL HEB 3.3 (Ne)
Μωυσῆς	Μωϋσῆς	m nom sg	PROIEL HEB 12.21 (Ne)
Μωυσῇ	Μωϋσῆς	m dat sg	PROIEL ACTS 7.44 (Ne)
Μύρρα	Μύρα	n acc pl	PROIEL ACTS 27.5 (Ne)
Νίγερ	Νίγερ		PROIEL ACTS 13.1 (Ne)
Ναίν	Ναΐν		PROIEL LUKE 7.11 (Ne)
Ναασσών	Ναασσών		PROIEL LUKE 3.32 (Ne)
Ναγγαί	Ναγγαί		PROIEL LUKE 3.25 (Ne)
Ναζαρά	Ναζαρά		PROIEL LUKE 4.16 (Ne)
Ναζαρέθ	Ναζαρά		PROIEL ACTS 10.38 (Ne)
Ναζαρέτ	Ναζαρά		PROIEL MARK 1.9 (Ne)
Ναζωραῖον	Ναζωραῖος	m acc sg	PROIEL ACTS 2.22 (A-)
Ναζωραῖος	Ναζωραῖος	m nom sg	PROIEL ACTS 22.8 (A-)
Ναθάμ	Ναθάμ		PROIEL LUKE 3.31 (Ne)
Ναθαναήλ	Ναθαναήλ		PROIEL JOHN 21.2 (Ne)
Ναιμάν	Ναιμάν		PROIEL LUKE 4.27 (Ne)
Ναούμ	Ναούμ		PROIEL LUKE 3.25 (Ne)
Ναχώρ	Ναχώρ		PROIEL LUKE 3.34 (Ne)
Νεφθαλίμ	Νεφθαλίμ		PROIEL REV 7.6 (Ne)
Νεφθαλείμ	Νεφθαλίμ		PROIEL MATT 4.15 (Ne)
Νηρεί	Νηρεί		PROIEL LUKE 3.27 (Ne)
Νικολαϊτῶν	Νικολαΐτης	m gen pl	PROIEL REV 2.15 (Nb)
Νινευείταις	Νινευίτης	m dat pl	PROIEL LUKE 11.30 (Nb)
Νινευεῖται	Νινευίτης	m nom pl	PROIEL MATT 12.41 (Nb)
Νύμφαν	Νύμφα	m acc sg	PROIEL COL 4.15 (Ne)
Νῶε	Νῶε		PROIEL HEB 11.7 (Ne)
Οὐρίου	Οὐρίας	m gen sg	PROIEL MATT 1.6 (Ne)
Οὐρβανόν	Οὐρβανός	m acc sg	PROIEL ROM 16.9 (Nb)
Πάταρα	Πάταρα	n acc pl	PROIEL ACTS 21.1 (Ne)
Πάτμῳ	Πάτμος	f dat sg	PROIEL REV 1.9 (Ne)
Πέργῃ	Πέργη	f acc sg	PROIEL ACTS 14.25 (Ne)
Πέσατε	πίπτω	aor imp act 2 pl	PROIEL LUKE 23.30 (V-)
Παρμενᾶν	Παρμενᾶς	m acc sg	PROIEL ACTS 6.5 (Ne)
Πατρόβαν	Πατροβᾶς	m acc sg	PROIEL ROM 16.14 (Nb)
Πειλάτου	Πιλᾶτος	m gen sg	PROIEL 1TIM 6.13 (Ne)
Πειλάτῳ	Πιλᾶτος	m dat sg	PROIEL JOHN 19.21 (Ne)
Πειλᾶτον	Πιλᾶτος	m acc sg	PROIEL ACTS 13.28 (Ne)
Πειλᾶτος	Πιλᾶτος	m nom sg	PROIEL ACTS 4.27 (Ne)
Πισιδίαν	Πισίδιος	f acc sg	PROIEL ACTS 13.14 (A-)
Πισιδίαν	Πισιδία	f acc sg	PROIEL ACTS 14.24 (Ne)
Ποταπός	ποταπός	m nom sg	PROIEL MATT 8.27 (Pi)
Πούδης	Πούδης	m nom sg	PROIEL 2TIM 4.21 (Ne)
Πρίσκα	Πρίσκα	f nom sg	PROIEL 1COR 16.19 (Ne)
Πρίσκαν	Πρίσκα	f acc sg	PROIEL 2TIM 4.19 (Ne)
Πρίσκιλλα	Πρίσκιλλα	f nom sg	PROIEL ACTS 18.26 (Ne)
Πρίσκιλλαν	Πρίσκιλλα	f acc sg	PROIEL ACTS 18.2 (Ne)
Πρωίας	πρωΐα	f gen sg	PROIEL MATT 27.1 (Nb)
Πόρκιον	Πόρκιος	m acc sg	PROIEL ACTS 24.27 (Ne)
Σάρεπτα	Σάρεπτα	n acc pl	PROIEL LUKE 4.26 (Ne)
Σάρρα	Σάρρα	f nom sg	PROIEL HEB 11.11 (Ne)
Σάρρας	Σάρρα	f gen sg	PROIEL ROM 4.19 (Nb)
Σάρρᾳ	Σάρρα	f dat sg	PROIEL ROM 9.9 (Ne)
Σήθ	Σήθ		PROIEL LUKE 3.38 (Ne)
Σήμ	Σήμ		PROIEL LUKE 3.36 (Ne)
Σίλαν	Σιλᾶς	m acc sg	PROIEL ACTS 17.15 (Ne)
Σίλας	Σιλᾶς	m nom sg	PROIEL ACTS 18.5 (Ne)
Σίλᾳ	Σιλᾶς	m dat sg	PROIEL ACTS 17.4 (Ne)
Σαδδουκαίους	Σαδδουκαῖος	m acc pl	PROIEL MATT 22.34 (Nb)
Σαδδουκαίων	Σαδδουκαῖος	m gen pl	PROIEL ACTS 23.7 (Nb)
Σαδδουκαῖοι	Σαδδουκαῖος	m nom pl	PROIEL ACTS 23.8 (Nb)
Σαδώκ	Σαδώκ		PROIEL MATT 1.14 (Ne)
Σαλά	Σαλά		PROIEL LUKE 3.35 (Ne)
Σαλήμ	Σαλήμ		PROIEL HEB 7.2 (Ne)
Σαλαθιήλ	Σαλαθιήλ		PROIEL LUKE 3.27 (Ne)
Σαλείμ	Σαλείμ		PROIEL JOHN 3.23 (Ne)
Σαλμών	Σαλμών		PROIEL MATT 1.5 (Ne)
Σαμαρία	Σαμάρεια	f nom sg	PROIEL ACTS 8.14 (Ne)
Σαμαρίαν	Σαμάρεια	f acc sg	PROIEL ACTS 15.3 (Ne)
Σαμαρίας	Σαμάρεια	f gen sg	PROIEL ACTS 9.31 (Ne)
Σαμαρίᾳ	Σαμάρεια	f dat sg	PROIEL ACTS 1.8 (Ne)
Σαμαρείτης	Σαμαρίτης	m nom sg	PROIEL JOHN 8.48 (Nb)
Σαμαρείτιδος	Σαμαρῖτις	f gen sg	PROIEL JOHN 4.9 (Nb)
Σαμαρειτῶν	Σαμαρίτης	m gen pl	PROIEL ACTS 8.25 (Nb)
Σαμαρεῖται	Σαμαρίτης	m nom pl	PROIEL JOHN 4.40 (Nb)
Σαμαρεῖτις	Σαμαρῖτις	f nom sg	PROIEL JOHN 4.9 (Nb)
Σαμουήλ	Σαμουήλ		PROIEL HEB 11.32 (Ne)
Σαμψών	Σαμψών		PROIEL HEB 11.32 (Ne)
Σαούλ	Σαῦλος		PROIEL ACTS 26.14 (Ne)
Σαπφείρῃ	Σάπφειρα	f dat sg	PROIEL ACTS 5.1 (Ne)
Σαρῶνα	Σαρ(ρ)ων	m acc sg	PROIEL ACTS 9.35 (Ne)
Σατανᾶ	Σατανᾶς	m gen sg	PROIEL REV 3.9 (Ne)
Σατανᾶ	Σατανᾶς	m voc sg	PROIEL MARK 8.33 (Ne)
Σατανᾶς	Σατανᾶς	m nom sg	PROIEL REV 20.7 (Ne)
Σατανᾷ	Σατανᾶς	m dat sg	PROIEL 1TIM 1.20 (Ne)
Σελευκίαν	Σελεύκεια	f acc sg	PROIEL ACTS 13.4 (Ne)
Σεμεείν	Σεμεείν		PROIEL LUKE 3.26 (Ne)
Σερούχ	Σερούχ		PROIEL LUKE 3.35 (Ne)
Σιδωνίας	Σιδωνία	f gen sg	PROIEL LUKE 4.26 (Ne)
Σιδωνίοις	Σιδώνιος	m dat pl	PROIEL ACTS 12.20 (A-)
Σιλωάμ	Σιλωάμ		PROIEL JOHN 9.11 (Ne)
Σινά	Σινᾶ		PROIEL GAL 4.25 (Ne)
Σιών	Σιών		PROIEL REV 14.1 (Ne)
Σκευᾶ	Σκευᾶς	m gen sg	PROIEL ACTS 19.14 (Ne)
Σμύρναν	Ζμύρνα	f acc sg	PROIEL REV 1.11 (Ne)
Σμύρνῃ	Ζμύρνα	f dat sg	PROIEL REV 2.8 (Ne)
Σοδόμοις	Σόδομα	n dat pl	PROIEL LUKE 10.12 (Ne)
Σοδόμων	Σόδομα	n gen pl	PROIEL LUKE 17.29 (Ne)
Σολομών	Σολομών	m nom sg	PROIEL LUKE 12.27 (Ne)
Σολομῶν	Σολομών	m nom sg	PROIEL ACTS 7.47 (Ne)
Σολομῶνα	Σολομών	m acc sg	PROIEL MATT 1.6 (Ne)
Σολομῶνος	Σολομών	m gen sg	PROIEL JOHN 10.23 (Ne)
Σολομῶντος	Σολομών	m gen sg	PROIEL ACTS 5.12 (Ne)
Σουσάννα	Σουσάννα	f nom sg	PROIEL LUKE 8.3 (Ne)
Στεφανᾶ	Στεφανᾶς	m gen sg	PROIEL 1COR 16.17 (Ne)
Στωικῶν	Στοϊκός	gen pl	PROIEL ACTS 17.18 (A-)
Συμεών	Συμεών		PROIEL REV 7.7 (Ne)
Συνμιμηταί	συμμιμητής	m nom pl	PROIEL PHIL 3.17 (Nb)
Συντύχην	Συντύχη	f acc sg	PROIEL PHIL 4.2 (Ne)
Συροφοινίκισσα	Συροφοινίκισσα	f nom sg	PROIEL MARK 7.26 (Nb)
Συχάρ	Συχάρ		PROIEL JOHN 4.5 (Ne)
Συχέμ	Συχέμ		PROIEL ACTS 7.16 (Ne)
Σωσίπατρος	Σωσίπατρος	m nom sg	PROIEL ROM 16.21 (Nb)
Σόδομα	Σόδομα	n nom pl	PROIEL REV 11.8 (Ne)
Σώθητε	σῴζω	aor imp pass 2 pl	PROIEL ACTS 2.40 (V-)
Τέρτιος	Τέρτιος	m nom sg	PROIEL ROM 16.22 (Ne)
Τέρτυλλος	Τερτύλλος	m nom sg	PROIEL ACTS 24.2 (Ne)
Ταβειθά	Ταβιθά		PROIEL ACTS 9.40 (Ne)
Ταβερνῶν	ταβέρνη	f gen pl	PROIEL ACTS 28.15 (Nb)
Ταλειθά	ταλιθά		PROIEL MARK 5.41 (F-)
Ταρσόν	Ταρσός	f acc sg	PROIEL ACTS 11.25 (Ne)
Ταρσῷ	Ταρσός	f dat sg	PROIEL ACTS 22.3 (Ne)
Τερτύλλου	Τερτύλλος	m nom sg	PROIEL ACTS 24.1 (Ne)
Τεσσεράκοντα	τεσσεράκοντα		PROIEL JOHN 2.20 (Ma)
Τιβεριάδος	Τιβεριάς	f gen sg	PROIEL JOHN 21.1 (Ne)
Τιτίου	Τίτος	m gen sg	PROIEL ACTS 18.7 (Ne)
Τοιγαροῖν	τοιγαροῦν		PROIEL HEB 12.1 (Df)
Τοσοῦτον	τοσοῦτος	m dat sg	PROIEL JOHN 14.9 (Pd)
Τραχωνίτιδος	Τραχωνῖτις	f gen sg	PROIEL LUKE 3.1 (A-)
Τρυφῶσαν	Τρυφῶσα	f acc sg	PROIEL ROM 16.12 (Nb)
Τύχικον	Τυχικός	m acc sg	PROIEL TIT 3.12 (Ne)
Τύχικος	Τυχικός	m nom sg	PROIEL COL 4.7 (Ne)
Φάλεκ	Φαλέκ		PROIEL LUKE 3.35 (Ne)
Φήλικα	Φῆλιξ	m acc sg	PROIEL ACTS 23.24 (Ne)
Φήλικι	Φῆλιξ	m dat sg	PROIEL ACTS 23.26 (Ne)
Φήλικος	Φῆλιξ	m gen sg	PROIEL ACTS 25.14 (Ne)
Φήστου	Φῆστος	m gen sg	PROIEL ACTS 25.23 (Ne)
Φήστῳ	Φῆστος	m dat sg	PROIEL ACTS 26.32 (Ne)
Φίλητος	Φίλητος	m nom sg	PROIEL 2TIM 2.17 (Ne)
Φανουήλ	Φανουήλ		PROIEL LUKE 2.36 (Ne)
Φαρές	Φάρες		PROIEL LUKE 3.33 (Ne)
Φαραώ	Φαραώ		PROIEL HEB 11.24 (Ne)
Φιλίπποις	Φίλιπποι	m dat pl	PROIEL 1THESS 2.2 (Ne)
Φιλίππους	Φίλιπποι	m acc sg	PROIEL ACTS 16.12 (Ne)
Φιλίππων	Φίλιπποι	m gen sg	PROIEL ACTS 20.6 (Ne)
Φοβήθητε	φοβέω	aor imp pass 2 pl	PROIEL REV 14.7 (V-)
Φορτουνάτου	Φορτουνᾶτος	m gen sg	PROIEL 1COR 16.17 (Ne)
Φύγελος	Φύγελος	m nom sg	PROIEL 2TIM 1.15 (Ne)
Φῆλιξ	Φῆλιξ	m nom sg	PROIEL ACTS 24.27 (Ne)
Φῆλιξ	Φῆλιξ	m voc sg	PROIEL ACTS 24.3 (Ne)
Φῆστον	Φῆστος	m acc sg	PROIEL ACTS 25.22 (Ne)
Φῆστος	Φῆστος	m nom sg	PROIEL ACTS 26.24 (Ne)
Χαναάν	Χανάαν		PROIEL ACTS 13.19 (Ne)
Χαρράν	Χαρράν		PROIEL ACTS 7.4 (Ne)
Χερουβείν	Χερουβίμ		PROIEL HEB 9.5 (Nb)
Χοραζείν	Χοραζίν		PROIEL LUKE 10.13 (Ne)
Χουζᾶ	Χουζᾶς	m gen sg	PROIEL LUKE 8.3 (Ne)
έν	ἐν		PROIEL JAS 5.10 (R-)
αδελφοί	ἀδελφός	m voc pl	PROIEL HEB 10.19 (Nb)
αμαρτιῶν	ἁμαρτία	f gen pl	PROIEL REV 1.5 (Nb)
ανθρώπων	ἄνθρωπος	m gen pl	PROIEL ACTS 17.26 (Nb)
από	ἀπό		PROIEL MATT 27.40 (R-)
αυτοῦ	αὐτός	m gen sg	PROIEL LUKE 7.3 (Pp)
αἰγίοις	αἴγειος	n dat pl	PROIEL HEB 11.37 (A-)
αἰτοῦσιν	ἀπαιτέω	pres ind act 3 pl	PROIEL LUKE 12.20 (V-)
αἰτόν	αὐτός	m acc sg	PROIEL HEB 7.21 (Pp)
αἰτῶν	αὐτός	n gen pl	PROIEL REV 3.4 (Pp)
αἰῶνα	αἰώνιος	m acc sg	PROIEL HEB 7.28 (Nb)
αἷμα	αἷμα	n acc pl	PROIEL REV 16.6 (Nb)
αὐξανόμενα	αὐξάνω	pres ptcp pass m acc sg	PROIEL MARK 4.8 (V-)
αὐξηθῆτε	αὐξάνω	aor subj act 2 pl	PROIEL 1PET 2.2 (V-)
αὐτά	αὐτός	n acc sg	PROIEL JOHN 15.6 (Pp)
αὐτή	αὐτός	f dat sg	PROIEL ROM 16.2 (Pp)
αὐτή	οὗτος	f nom sg	PROIEL HEB 11.11 (Pd)
αὐταῖς	αὐτός	m dat pl	PROIEL REV 9.5 (Pp)
αὐτοφώρῳ	ἐπαυτοφώρῳ		PROIEL JOHN 8.4 (Df)
αὐτού	αὐτός	m gen sg	PROIEL HEB 2.8 (Pp)
αὐτούς	αὐτός	m dat pl	PROIEL ACTS 10.48 (Pp)
αὐτοῖς	αὐτός	m acc pl	PROIEL JOHN 8.7 (Pp)
αὐτοῖς	ὁ	m dat pl	PROIEL MARK 10.13 (S-)
αὐτοῖς	αὐτός	m nom sg	PROIEL JOHN 7.9 (Pp)
αὐτοῦ	αὐτός	m acc sg	PROIEL REV 20.11 (Pp)
αὐτοῦ	ἑαυτοῦ	m gen sg	PROIEL 2COR 3.13 (Pk)
αὐτό	αὐτός	m acc sg	PROIEL MARK 6.29 (Pp)
αὐτόν	αὐτός	m acc pl	PROIEL ACTS 23.30 (Pp)
αὐτόν	ὁ	m acc sg	PROIEL MATT 17.8 (S-)
αὐτῆς	οὗτος	f gen sg	PROIEL HEB 12.15 (Pd)
αὐτῆς	ἑαυτοῦ	f gen sg	PROIEL MARK 5.26 (Pk)
αὐτῇ	οὗτος	f dat sg	PROIEL ACTS 16.18 (Pd)
αὐτῇ	αὐτός	n dat sg	PROIEL REV 13.15 (Pp)
αὐτῶν	ὁ	n gen pl	PROIEL MARK 16.20 (S-)
αὑτήν	αὐτός	f acc sg	PROIEL REV 18.7 (Pp)
αὑτούς	αὐτός	m acc pl	PROIEL REV 8.6 (Pp)
αὑτόν	αὐτός	m acc sg	PROIEL ACTS 14.17 (Pp)
αὑτῷ	αὐτός	m dat sg	PROIEL PHIL 3.21 (Pp)
αὕτη	αὐτός	f dat sg	PROIEL MATT 22.39 (Pp)
βάλλειν	βάλλω	aor inf act	PROIEL REV 2.10 (V-)
βάλλοντες	βάλλω	aor ptcp act m nom pl	PROIEL MATT 27.35 (V-)
βήρυλλος	βήρυλλος	m nom sg	PROIEL REV 21.20 (Nb)
βαΐα	βαΐον	n acc pl	PROIEL JOHN 12.13 (Nb)
βαθέα	βάθος	n acc pl	PROIEL REV 2.24 (Nb)
βαθέως	βαθύς	m gen sg	PROIEL LUKE 24.1 (A-)
βαρέως	βαρέως		PROIEL MATT 13.15 (Df)
βασιλείαν	βασιλεία	f dat sg	PROIEL LUKE 23.42 (Nb)
βασιλεύουσιν	βασιλεύω	fut ind act 3 pl	PROIEL REV 5.10 (V-)
βασιλεῦ	βασιλεύς	m nom sg	PROIEL MATT 27.29 (Nb)
βατταλογήσητε	βατταλογέω	aor subj act 2 pl	PROIEL MATT 6.7 (V-)
βελόνης	ῥαφίς	f gen sg	PROIEL LUKE 18.25 (Nb)
βιβλίον	βιβλαρίδιον	n acc sg	PROIEL REV 10.8 (Nb)
βλέπεις	βλέπω	pres ind act 3 sg	PROIEL MARK 8.23 (V-)
βλέψετε	βλέπω	fut ind act 2 pl	PROIEL ACTS 28.26 (V-)
βλαστᾷ	βλαστάνω	pres subj act 3 sg	PROIEL MARK 4.27 (V-)
βλητέον	βάλλω	n nom sg	PROIEL LUKE 5.38 (V-)
βορρᾶ	βορρᾶς	m gen sg	PROIEL REV 21.13 (Nb)
βοσκομένη	βόσκω	pres ptcp pass m gen pl	PROIEL LUKE 8.32 (V-)
βουληθείς	βούλομαι	pres ptcp pass m nom sg	PROIEL JAS 1.18 (V-)
βραδεῖς	βραδύς	m voc pl	PROIEL LUKE 24.25 (A-)
βότρυας	βότρυς	m acc pl	PROIEL REV 14.18 (Nb)
γέγοναν	γίγνομαι	perf ind act 3 pl	PROIEL ROM 16.7 (V-)
γέμον	γέμω	pres ptcp act m nom sg	PROIEL REV 17.4 (V-)
γένησθε	γίγνομαι	fut ind mid 2 pl	PROIEL JOHN 15.8 (V-)
γήρει	γῆρας	n dat sg	PROIEL LUKE 1.36 (Nb)
γίνεσθαι	γίγνομαι	aor inf mid	PROIEL REV 1.19 (V-)
γαμίσκονται	γαμίζω	pres ind pass 3 pl	PROIEL LUKE 20.34 (V-)
γεμόντων	γέμω	pres ptcp act f gen pl	PROIEL REV 21.9 (V-)
γενήθητε	γίγνομαι	aor subj pass 2 pl	PROIEL 1PET 1.15 (V-)
γενήσονται	γίγνομαι	fut ind mid 3 sg	PROIEL JOHN 10.16 (V-)
γενεσίοις	γενέσια	n dat pl	PROIEL MARK 6.21 (Nb)
γενομένης	γίγνομαι	pres ptcp mid f gen sg	PROIEL MARK 6.35 (V-)
γενόμενος	γίγνομαι	pres ptcp mid m nom sg	PROIEL HEB 7.26 (V-)
γινόμεναι	γίγνομαι	pres ind mid 3 pl	PROIEL MARK 6.2 (V-)
γινώσκετε	γιγνώσκω	pres imp act 3 sg	PROIEL JAS 5.20 (V-)
γνοῖ	γιγνώσκω	aor subj act 3 sg	PROIEL LUKE 19.15 (V-)
γνῷς	γιγνώσκω	fut ind mid 2 sg	PROIEL REV 3.3 (V-)
γυναῖκα	γυνή	f dat sg	PROIEL EPH 5.31 (Nb)
δέδωκας	δίδωμι	aor ind act 2 sg	PROIEL REV 16.6 (V-)
δέον	δέον	n nom sg	PROIEL 1PET 1.6 (Nb)
δίδραχμα	δίδραχμον	n acc pl	PROIEL MATT 17.24 (Nb)
δαιμονιζόμενον	δαιμονίζομαι	pres ptcp mid m nom sg	PROIEL MATT 12.22 (V-)
δανιστῇ	δαν(ε)ιστής	m dat sg	PROIEL LUKE 7.41 (Nb)
δεήθητε	δέω#2	aor imp pass 2 pl	PROIEL LUKE 10.2 (V-)
δεκατέσσαρες	δεκατέσσαρες	m/f nom pl	PROIEL MATT 1.17 (Ma)
δεκατεσσάρων	δεκατέσσαρες	gen pl	PROIEL GAL 2.1 (Ma)
δεξιᾶ	δεξιός	f dat sg	PROIEL HEB 8.1 (A-)
δευτέρας	δεύτερος	f acc sg	PROIEL HEB 8.7 (Mo)
δευτέρῳ	ἕτερος	m dat sg	PROIEL MATT 21.30 (A-)
διέδωκεν	δίδωμι	aor ind act 3 sg	PROIEL JOHN 6.11 (V-)
διήγειραν	διεγείρω	aor ind act 3 pl	PROIEL LUKE 8.24 (V-)
διαβλέψεις	διαβλέπω	fut ind act 2 sg	PROIEL LUKE 6.42 (V-)
διαγγελῇ	διαγγέλλω	aor subj pass 3 sg	PROIEL ROM 9.17 (V-)
διακαθᾶραι	διακαθαίρω	aor inf act	PROIEL LUKE 3.17 (V-)
διακονία	διακονία	f dat sg	PROIEL 2COR 3.9 (Nb)
διακρίσεις	διάκρισις	f nom sg	PROIEL 1COR 12.10 (Nb)
διαλλάγηθι	διαλλάσσομαι	aor imp pass 2 sg	PROIEL MATT 5.24 (V-)
διαλογισμῶν	διαλογισμός	m gen sg	PROIEL 1TIM 2.8 (Nb)
διαπορεύεσθαι	παραπορεύομαι	pres inf mid	PROIEL MARK 2.23 (V-)
διατεταχέναι	τάσσω	perf inf act	PROIEL ACTS 18.2 (V-)
διαχλευάζοντες	χλευάζω	pres ptcp act m nom pl	PROIEL ACTS 2.13 (V-)
διδαχήν	διδαχή	f gen sg	PROIEL HEB 6.2 (Nb)
διδόντι	δίδωμι	pres ptcp act m gen sg	PROIEL ACTS 14.3 (V-)
διεγείρετο	διεγείρω	pres ind pass 3 sg	PROIEL JOHN 6.18 (V-)
διεγερθείς	διεγείρω	aor ptcp pass m nom sg	PROIEL LUKE 8.24 (V-)
διεδίδετο	διαδίδωμι	impf ind pass 3 sg	PROIEL ACTS 4.35 (V-)
διεφημίσθη	φημίζω	aor ind pass 3 sg	PROIEL MATT 28.15 (V-)
διηνοιγμένους	διανοίγω	perf ptcp pass m acc pl	PROIEL ACTS 7.56 (V-)
διοπετοῦς	διοπετής	n gen sg	PROIEL ACTS 19.35 (A-)
διπλότερον	διπλόος	m acc sg comp	PROIEL MATT 23.15 (A-)
δισμυριάδες	δισμυριάς	f nom pl	PROIEL REV 9.16 (Nb)
διψᾷ	διψάω	pres subj act 3 sg	PROIEL ROM 12.20 (V-)
διώκωμεν	διώκω	pres ind act 1 pl	PROIEL ROM 14.19 (V-)
διώκωνται	διώκω	pres ind pass 3 pl	PROIEL GAL 6.12 (V-)
διώξουσιν	ἐκδιώκω	fut ind act 3 pl	PROIEL LUKE 11.49 (V-)
δοκιμάζειν	δοκιμάζω	pres imp act 2 pl	PROIEL LUKE 12.56 (V-)
δουλεύοντες	δουλόω	pres ptcp act m nom pl	PROIEL ROM 12.11 (V-)
δοῖ	δίδωμι	aor subj act 3 sg	PROIEL MARK 8.37 (V-)
δυνάμεις	δύναμις	f gen sg	PROIEL HEB 6.5 (Nb)
δυσεντερίῳ	δυσεντέριον	f dat sg	PROIEL ACTS 28.8 (Nb)
δωδεκάφυλον	δωδεκάφυλον	n nom sg	PROIEL ACTS 26.7 (Nb)
δωρεάν	δωρεάν		PROIEL REV 22.17 (Df)
δός	δίδωμι	pres imp act 2 sg	PROIEL ACTS 4.29 (V-)
δύνανται	δύναμαι	pres ind mid 3 sg	PROIEL HEB 10.1 (V-)
δώσει	δίδωμι	aor subj act 3 sg	PROIEL JOHN 17.2 (V-)
δώσομεν	δίδωμι	aor subj act 1 pl	PROIEL REV 19.7 (V-)
δῴη	δίδωμι	aor opt act 3 sg	PROIEL 2TIM 2.25 (V-)
δῴη	δίδωμι	aor subj act 3 sg	PROIEL EPH 1.17 (V-)
εἰδέα	εἰδέα	f nom sg	PROIEL MATT 28.3 (Nb)
εἰδήσουσιν	οἶδα	fut ind act 3 pl	PROIEL HEB 8.11 (V-)
εἰδωλίῳ	εἰδωλεῖον	n dat sg	PROIEL 1COR 8.10 (Nb)
εἰδώς	ὁράω	aor ptcp act m nom sg	PROIEL MATT 9.4 (V-)
εἰλικρινίας	εἰλικρίνεια	f gen sg	PROIEL 2COR 2.17 (Nb)
εἰλικρινίᾳ	εἰλικρίνεια	f dat sg	PROIEL 2COR 1.12 (Nb)
εἰπεῖν	λέγω	pres inf act	PROIEL HEB 7.9 (V-)
εἰσελήλυθαν	εἰσέρχομαι	perf ind act 3 pl	PROIEL JAS 5.4 (V-)
εἰσῆλθεν	εἰσέρχομαι	aor ind act 2 sg	PROIEL ACTS 11.3 (V-)
εἰωθός	εἴωθα	perf ptcp act n acc sg	PROIEL ACTS 17.2 (V-)
εἰώθει	εἴωθα	plpf ind act 3 sg	PROIEL MARK 10.1 (V-)
εἱλκωμένος	ἑλκόω	perf ptcp pass m nom sg	PROIEL LUKE 16.20 (V-)
εἴδαμεν	ὁράω	aor ind act 1 pl	PROIEL ACTS 4.20 (V-)
εἴληφες	λαμβάνω	perf ind act 2 sg	PROIEL REV 11.17 (V-)
εἴπεν	λέγω	aor ind act 3 sg	PROIEL ACTS 10.19 (V-)
εἴρηκαν	εἴρω	perf ind act 3 pl	PROIEL REV 19.3 (V-)
εἴχοσαν	ἔχω	impf ind act 3 pl	PROIEL JOHN 15.24 (V-)
εἶδαν	ὁράω	aor ind act 3 pl	PROIEL ACTS 12.16 (V-)
εἶδεν	λέγω	aor ind act 3 sg	PROIEL JOHN 1.47 (V-)
εἶπεν	λέγω	aor imp act 2 sg	PROIEL JOHN 8.11 (V-)
εἶτα	ἔπειτα		PROIEL 1COR 15.7 (Df)
εἶτεν	εἶτα		PROIEL MARK 4.28 (Df)
εἶχαν	ἔχω	aor ind act 3 pl	PROIEL REV 9.8 (V-)
εἶχαν	ἔχω	impf ind act 3 pl	PROIEL REV 9.9 (V-)
εἷς	εἷς	m acc sg	PROIEL ROM 12.5 (Ma)
εὐαγγελίσαι	εὐαγγελίζω	aor inf act	PROIEL REV 14.6 (V-)
εὐαγγελίσωμαι	εὐαγγελίζω	pres subj mid 1 sg	PROIEL 1COR 9.16 (V-)
εὐαγγελισάμενοι	εὐαγγελίζω	pres ptcp mid m nom pl	PROIEL ACTS 14.21 (V-)
εὐαρεστηκέναι	εὐαρεστέω	perf inf act	PROIEL HEB 11.5 (V-)
εὐηγγέλισεν	εὐαγγελίζω	aor ind act 3 sg	PROIEL REV 10.7 (V-)
εὐηγγελίσατο	εὐαγγελίζω	aor ind mid 3 sg	PROIEL EPH 2.17 (V-)
εὐηγγελισάμην	εὐαγγελίζω	aor ind mid 1 sg	PROIEL GAL 4.13 (V-)
εὐθύς	εὐθέως		PROIEL MATT 26.74 (Df)
εὐλογηθήσονται	ἐνευλογέω	fut ind pass 3 pl	PROIEL ACTS 3.25 (V-)
εὐλογημένοι	εὐλογέω	perf ptcp pass m voc pl	PROIEL MATT 25.34 (V-)
εὐλογημένος	εὐλογέω	perf ptcp pass m nom sg	PROIEL JOHN 12.13 (V-)
εὐλόγηκεν	εὐλογέω	perf ind act 3 sg	PROIEL HEB 7.6 (V-)
εὐνουχίσθησαν	εὐνουχίζω	aor ind act 3 pl	PROIEL MATT 19.12 (V-)
εὐσχημόνως	εὐσχημόνως		PROIEL 1THESS 4.12 (Df)
εὐχαριστήσας	εὐχαριστέω	aor ind act 3 sg	PROIEL JOHN 6.11 (V-)
εὑρεθῆ	εὑρίσκω	aor subj pass 3 sg	PROIEL REV 18.21 (V-)
εὔσχημον	εὐσχήμων	n acc sg	PROIEL 1COR 7.35 (A-)
εῖχεν	ἔχω	impf ind act 3 sg	PROIEL LUKE 15.11 (V-)
ζευκτηρίας	ζευκτηρία	f acc pl	PROIEL ACTS 27.40 (Nb)
ζηλοῦτε	ζηλόω	pres subj act 2 pl	PROIEL GAL 4.17 (V-)
ζώσει	ζωννύω	fut ind act 3 sg	PROIEL JOHN 21.18 (V-)
ζῇν	ζῶ	pres inf act	PROIEL HEB 2.15 (V-)
θέλῃ	ἐθέλω	aor subj act 3 sg	PROIEL JAS 4.15 (V-)
θήσω	τίθημι	aor subj act 1 sg	PROIEL 1COR 9.18 (V-)
θανάτου	θάνατος	m dat sg	PROIEL PHIL 2.27 (Nb)
θανάτῳ	θάνατος	m acc sg	PROIEL MATT 20.18 (Nb)
θανατώσωσιν	θανατόω	fut ind act 3 pl	PROIEL MATT 26.59 (V-)
θαυμάζητε	θαυμάζω	pres ind act 2 pl	PROIEL JOHN 5.20 (V-)
θαυμασθήσονται	θαυμάζω	fut ind mid 3 pl	PROIEL REV 17.8 (V-)
θείου	θεῖον	n gen sg	PROIEL REV 20.10 (Nb)
θείῳ	θεῖον	n dat sg	PROIEL REV 21.8 (Nb)
θεμέλια	θεμέλιον	n acc pl	PROIEL ACTS 16.26 (Nb)
θεοστυγεῖς	θεοσυτγής	m acc pl	PROIEL ROM 1.30 (A-)
θεραπεύειν	θεραπεύω	aor inf act	PROIEL MATT 12.10 (V-)
θεραπεύσει	θεραπεύω	pres ind act 3 sg	PROIEL MARK 3.2 (V-)
θεόν	θεός	f acc sg	PROIEL ACTS 19.37 (Nb)
θεῖον	θεῖον	n acc sg	PROIEL LUKE 17.29 (Nb)
θεῖον	θεῖον	n nom sg	PROIEL REV 9.17 (Nb)
θλίψιν	θλῖψις	f acc sg	PROIEL REV 2.22 (Nb)
θλίψις	θλῖψις	f nom sg	PROIEL 2COR 8.13 (Nb)
θρησκός	θρῆσκος	m nom sg	PROIEL JAS 1.26 (A-)
θρόνοι	θρόνος	m acc pl	PROIEL REV 4.4 (Nb)
θρόνου	θρόνος	m dat sg	PROIEL REV 7.15 (Nb)
θυγάτηρ	θυγάτηρ	f voc sg	PROIEL JOHN 12.15 (Nb)
θῴρακας	θώραξ	m acc pl	PROIEL REV 9.17 (Nb)
κάθου	κάθημαι	pres imp mid 2 sg	PROIEL JAS 2.3 (V-)
κάθῃ	κάθημαι	pres ind mid 2 sg	PROIEL ACTS 23.3 (V-)
κέρματα	κέρμα	n acc sg	PROIEL JOHN 2.15 (Nb)
καί	καίγε		PROIEL ACTS 17.27 (Df)
καίτοιγε	καίτοιγε		PROIEL JOHN 4.2 (Df)
καθάπερ	καθάπερ		PROIEL HEB 4.2 (Dq)
καθήμεναι	κάθημαι	pres ptcp mid f nom pl	PROIEL MATT 27.61 (V-)
καθήμενοι	κάθημαι	pres ind mid 3 pl	PROIEL REV 11.16 (V-)
καθήμενοι	κάθημαι	pres ptcp mid m nom pl	PROIEL ACTS 2.2 (V-)
καθήμενον	κάθημαι	pres ptcp mid m acc sg	PROIEL REV 20.11 (V-)
καθήμενος	κάθημαι	pres ptcp mid m nom sg	PROIEL REV 21.5 (V-)
καθήσεσθε	καθίζω	fut ind mid 2 pl	PROIEL MATT 19.28 (V-)
καθημένην	κάθημαι	pres ptcp mid f acc sg	PROIEL REV 17.3 (V-)
καθημένης	κάθημαι	pres ptcp mid f gen sg	PROIEL REV 17.1 (V-)
καθημένοις	κάθημαι	pres ptcp mid m dat pl	PROIEL LUKE 1.79 (V-)
καθημένοις	κάθημαι	pres ptcp mid n dat pl	PROIEL LUKE 7.32 (V-)
καθημένου	κάθημαι	pres ptcp mid m gen sg	PROIEL REV 19.21 (V-)
καθημένους	κάθημαι	pres ptcp mid m acc pl	PROIEL REV 14.6 (V-)
καθημένῳ	κάθημαι	pres ptcp mid m dat sg	PROIEL REV 19.4 (V-)
καθιέμενον	καθίημι	pres ptcp pass m/n acc sg	PROIEL ACTS 10.11 (V-)
καθιεμένην	καθίημι	pres ptcp pass f acc sg	PROIEL ACTS 11.5 (V-)
καθιστάνοντες	καθίστημι	pres ptcp act m nom pl	PROIEL ACTS 17.15 (V-)
καθῆσθαι	κάθημαι	pres inf mid	PROIEL MARK 4.1 (V-)
καθῆσθε	κάθημαι	fut ind mid 2 pl	PROIEL LUKE 22.30 (V-)
κακοηθίας	κακοήθεια	f gen sg	PROIEL ROM 1.29 (Nb)
κακοπάθησον	κακοπαθέω	aor ind act 2 sg	PROIEL 2TIM 4.5 (V-)
κακοποιῶν	ἀγαθοποιέω	pres ptcp act m nom sg	PROIEL 3JOHN 1.11 (V-)
καρδίας	καρδία	f acc sg	PROIEL HEB 8.10 (Nb)
κατέγραφεν	γράφω	impf ind act 3 sg	PROIEL JOHN 8.6 (V-)
κατέλειπεν	καταλείπω	aor ind act 3 sg	PROIEL LUKE 10.40 (V-)
κατέναντι	ἀπέναντι		PROIEL MATT 27.24 (R-)
κατέσθοντες	κατεσθίω	pres ptcp act m nom pl	PROIEL MARK 12.40 (V-)
κατήγωρ	κατήγορος	m nom sg	PROIEL REV 12.10 (Nb)
κατήντηκεν	καταντάω	perf ind act 3 sg	PROIEL 1COR 10.11 (V-)
κατήντησαν	καταντάω	aor ind act 3 pl	PROIEL ACTS 25.13 (V-)
κατήντησεν	καταντάω	aor ind act 3 sg	PROIEL 1COR 14.36 (V-)
κατίωται	κατιόομαι	pres ind mid 3 sg	PROIEL JAS 5.3 (V-)
καταβάτω	καταβαίνω	aor imp act 3 sg	PROIEL LUKE 17.31 (V-)
καταβήσῃ	καταβιβάζω	fut ind pass 2 sg	PROIEL MATT 11.23 (V-)
καταβαίνοντες	καταβαίνω	pres ptcp act n gen sg	PROIEL LUKE 22.44 (V-)
καταβαρυνόμενοι	καταβαρέω	pres ptcp pass m nom pl	PROIEL MARK 14.40 (V-)
καταβῆναι	καταβαίνω	aor inf pass	PROIEL LUKE 3.22 (V-)
καταδίκην	δίκη	f acc sg	PROIEL ACTS 25.15 (Nb)
κατακολουθοῦσα	κατακολουθέω	aor ptcp act f nom sg	PROIEL ACTS 16.17 (V-)
κατακρινῶν	κατακρίνω	pres ptcp act m nom sg	PROIEL ROM 8.34 (V-)
κατακύψας	κύπτω	aor ptcp act m nom sg	PROIEL JOHN 8.8 (V-)
καταλείψαντας	καταλείπω	aor ptcp act m acc pl	PROIEL ACTS 6.2 (V-)
καταλελιμμένος	καταλείπω	perf ptcp pass m nom sg	PROIEL ACTS 25.14 (V-)
καταλλάγητε	καταλλάσσω	aor imp pass 2 pl	PROIEL 2COR 5.20 (V-)
καταμενῶ	παραμένω	fut ind act 1 sg	PROIEL 1COR 16.6 (V-)
κατασκηνοῖν	κατασκηνόω	pres inf act	PROIEL MATT 13.32 (V-)
καταταβαίνοντα	καταβαίνω	pres ptcp act m acc sg	PROIEL REV 10.1 (V-)
καταφυγόντες	καταφεύγω	aor ptcp act m nom sg	PROIEL HEB 6.18 (V-)
κατεάξει	κατάγνυμι	fut ind act 3 sg	PROIEL MATT 12.20 (V-)
κατελήμφθην	καταλαμβάνω	aor ind pass 1 sg	PROIEL PHIL 3.12 (V-)
κατεπέστησαν	κατεφίστημι	aor ind act 3 pl	PROIEL ACTS 18.12 (V-)
κατεστρώθησαν	καταστρώννυμι	aor ind pass 3 pl	PROIEL 1COR 10.5 (V-)
κατεσφραγισμένον	κατασφραγίζω	perf ptcp pass n acc sg	PROIEL REV 5.1 (V-)
κατηγγέλη	καταγγέλλω	aor ind pass 3 sg	PROIEL ACTS 17.13 (V-)
κατηγόροις	κατήγορος	m dat sg	PROIEL ACTS 23.30 (Nb)
κατηντήσαμεν	καταντάω	aor ind act 1 pl	PROIEL ACTS 28.13 (V-)
κατισχύσητε	κατισχύω	pres subj act 2 pl	PROIEL LUKE 21.36 (V-)
κατοικήσας	κατοικέω	aor ptcp act f nom sg	PROIEL HEB 11.9 (V-)
καυχήσωμαι	καυχάομαι	fut ind mid 1 sg	PROIEL 2COR 10.8 (V-)
καυχήσωμαι	καίω	fut ind pass 1 sg	PROIEL 1COR 13.3 (V-)
κείροντος	κείρω	aor ptcp act m gen sg	PROIEL ACTS 8.32 (V-)
κεκοπίακες	κοπιάω	perf ind act 2 sg	PROIEL REV 2.3 (V-)
κελεύσματι	κέλευσμα	n dat sg	PROIEL 1THESS 4.16 (Nb)
κερέα	κεραία	f nom sg	PROIEL MATT 5.18 (Nb)
κερέαν	κεραία	f acc sg	PROIEL LUKE 16.17 (Nb)
κερδανῶ	κερδαίνω	aor subj act 1 sg	PROIEL 1COR 9.21 (V-)
κεφαλαίου	κεφάλαιον	n gen sg	PROIEL ACTS 22.28 (Nb)
κεφαλῆς	κεφαλή	f acc sg	PROIEL REV 14.14 (Nb)
κηρύξαι	κηρύσσω	aor inf act	PROIEL ACTS 10.42 (V-)
κλάσματα	κλάσμα	n gen pl	PROIEL MARK 6.43 (Nb)
κλήσεως	παράκλησις	f gen sg	PROIEL 2COR 1.6 (Nb)
κλίβανον	κλίβανος	m acc sg	PROIEL LUKE 12.28 (Nb)
κλαύσατε	κλαίω	pres imp act 2 pl	PROIEL JAS 5.1 (V-)
κλαύσετε	κλαίω	fut ind act 2 pl	PROIEL JOHN 16.20 (V-)
κλαύσουσιν	κλαίω	fut ind act 3 pl	PROIEL REV 18.9 (V-)
κλῆρον	κλῆρος	m acc pl	PROIEL LUKE 23.34 (Nb)
κοιλία	κοιλία	f dat sg	PROIEL LUKE 2.21 (Nb)
κολακίας	κολακεία	f gen sg	PROIEL 1THESS 2.5 (Nb)
κολλούριον	κολλύριον	n acc sg	PROIEL REV 3.18 (Nb)
κομψότερον	κομψότερον	comp	PROIEL JOHN 4.52 (Df)
κορβανᾶν	κορβανᾶς	m acc sg	PROIEL MATT 27.6 (Nb)
κούμ	κούμ		PROIEL MARK 5.41 (F-)
κράβαττον	κράβαττος	m acc sg	PROIEL JOHN 5.11 (Nb)
κράζοντα	κραυγάζω	pres ptcp act n nom pl	PROIEL LUKE 4.41 (V-)
κρίμͅα	κρίμα	n nom sg	PROIEL REV 20.4 (Nb)
κρίνατε	κρίνω	pres imp act 2 pl	PROIEL ACTS 4.19 (V-)
κρίνει	κρίνω	fut ind act 3 sg	PROIEL 1COR 5.13 (V-)
κρίνετε	κρίνω	aor imp act 2 pl	PROIEL JOHN 7.24 (V-)
κρίνω	κρίνω	fut ind act 1 sg	PROIEL LUKE 19.22 (V-)
κρίνων	κρίνω	pres ptcp act m voc sg	PROIEL ROM 2.3 (V-)
κραβάττοις	κράβαττος	m dat pl	PROIEL MARK 6.55 (Nb)
κραβάττου	κράβαττος	m gen sg	PROIEL ACTS 9.33 (Nb)
κραβάττων	κράβαττος	m gen pl	PROIEL ACTS 5.15 (Nb)
κραζόντων	κράζω	pres ptcp act m nom pl	PROIEL ACTS 19.34 (V-)
κρεπάλῃ	κραιπάλη	f dat sg	PROIEL LUKE 21.34 (Nb)
κρυφαίῳ	κρυπτός	n dat sg	PROIEL MATT 6.18 (A-)
κρύπτην	κρύπτη	f acc sg	PROIEL LUKE 11.33 (Nb)
κρᾶζον	κράζω	pres ptcp act n acc sg	PROIEL GAL 4.6 (V-)
κτήσεσθε	κτάομαι	aor imp mid 2 pl	PROIEL LUKE 21.19 (V-)
κυβίᾳ	κυβεία	f dat sg	PROIEL EPH 4.14 (Nb)
κωφόν	κωφός	m nom sg	PROIEL MATT 12.22 (A-)
κύκλῳ	κύκλῳ		PROIEL REV 7.11 (Df)
κύριος	κύριος	m acc sg	PROIEL ROM 10.9 (Nb)
κἀκεῖ	καί		PROIEL MATT 28.10 (C-)
κἀμοί	καί#1		PROIEL 1COR 15.8 (Df)
κἄν	ἄν		PROIEL MARK 5.28 (Df)
κἄν	ἐάν		PROIEL JAS 5.15 (G-)
λάβῃ	ἀπολαμβάνω	aor subj act 3 sg	PROIEL LUKE 18.30 (V-)
λάθρᾳ	λάθρᾳ		PROIEL ACTS 16.37 (Df)
λέγει	λέγω	pres ind pass 3 sg	PROIEL JOHN 1.39 (V-)
λέγοντα	λέγω	pres ptcp act m nom pl	PROIEL MARK 3.11 (V-)
λέγοντες	λέγω	pres ptcp act f nom pl	PROIEL REV 11.15 (V-)
λέγοντες	ἀντιλέγω	pres ptcp act m nom pl	PROIEL LUKE 20.27 (V-)
λέγω	λέγω	pres subj act 1 pl	PROIEL 2COR 9.4 (V-)
λέγων	λέγω	pres ind act 1 sg	PROIEL LUKE 13.27 (V-)
λέοντος	λέων	m gen pl	PROIEL REV 13.2 (Nb)
λήμψεσθε	λαμβάνω	fut ind mid 2 pl	PROIEL ACTS 2.38 (V-)
λήμψεται	λαμβάνω	fut ind mid 3 sg	PROIEL JAS 1.12 (V-)
λήμψεως	λῆμψις	f gen sg	PROIEL PHIL 4.15 (Nb)
λήμψονται	λαμβάνω	fut ind mid 3 pl	PROIEL ROM 13.2 (V-)
λίθον	λίνον	n acc sg	PROIEL REV 15.6 (Nb)
λίθος	λίθος	m acc sg	PROIEL 1PET 2.7 (Nb)
λίμμα	λεῖμμα	n nom sg	PROIEL ROM 11.5 (Nb)
λαβών	λαμβάνω	aor ind act 3 sg	PROIEL LUKE 6.4 (V-)
λαλοῦντος	λαλέω	aor ptcp act m gen sg	PROIEL ACTS 23.7 (V-)
λαμά	λεμά		PROIEL MARK 15.34 (F-)
λαός	λαός	f nom sg	PROIEL HEB 7.11 (Nb)
λεγιῶνα	λεγιών	m acc sg	PROIEL MARK 5.15 (Nb)
λεγιῶνας	λεγιών	f gen pl	PROIEL MATT 26.53 (Nb)
λεγομένης	λέγω	pres ptcp pass m gen pl	PROIEL ACTS 6.9 (V-)
λεγούσης	λέγω	pres ptcp act f acc sg	PROIEL REV 11.12 (V-)
λελουσμένοι	λούω	perf ptcp pass m nom pl	PROIEL HEB 10.23 (V-)
λεμά	λεμά		PROIEL MATT 27.46 (F-)
λευκᾶναι	λευκαίνω	aor inf act	PROIEL MARK 9.3 (V-)
λημψόμεθα	λαμβάνω	fut ind mid 1 pl	PROIEL JAS 3.1 (V-)
ληνοῦ	ληνός	f gen sg	PROIEL REV 14.20 (Nb)
ληνόν	ληνός	f acc sg	PROIEL REV 19.15 (Nb)
ληνός	ληνός	f nom sg	PROIEL REV 14.20 (Nb)
λογίαι	λογεία	f nom pl	PROIEL 1COR 16.2 (Nb)
λογίας	λογεία	f gen sg	PROIEL 1COR 16.1 (Nb)
λυχνίαι	λυχνία	f nom pl	PROIEL REV 11.4 (Nb)
λόγους	λόγος	m acc sg	PROIEL REV 1.3 (Nb)
μέλανι	μέλαν	n dat sg	PROIEL 2COR 3.3 (Nb)
μένει	μένω	pres ind act 2 sg	PROIEL JOHN 1.39 (V-)
μήγε	μή		PROIEL MATT 9.17 (Df)
μήγε	μήγε		PROIEL LUKE 5.36 (Df)
μήτε	μηδέ		PROIEL LUKE 7.33 (C-)
μήτιγε	μήτιγε		PROIEL 1COR 6.3 (Df)
μαγίαις	μαγεία	f dat pl	PROIEL ACTS 8.11 (Nb)
μαμωνᾶ	μαμωνᾶς	m gen sg	PROIEL LUKE 16.9 (Nb)
μαμωνᾷ	μαμωνᾶς	m dat sg	PROIEL LUKE 16.13 (Nb)
μανθάνειν	μανθάνω	aor inf act	PROIEL 1COR 14.35 (V-)
με	ἐγώ	n acc sg	PROIEL ROM 9.20 (Pp)
μεγάλης	μέγας	f acc sg	PROIEL REV 11.12 (A-)
μεγιστᾶνες	μεγιστάν	m nom pl	PROIEL REV 18.23 (Nb)
μεγιστᾶσιν	μεγιστάν	m dat pl	PROIEL MARK 6.21 (Nb)
μεθερμηνευόμενος	μεθερμηνεύω	pres ptcp pass n nom sg	PROIEL MARK 15.22 (V-)
μεθιστάνειν	μεθίστημι	pres inf act	PROIEL 1COR 13.2 (V-)
μεθοδίαν	μεθοδεία	f acc sg	PROIEL EPH 4.14 (Nb)
μεθοδίας	μεθοδεία	f acc pl	PROIEL EPH 6.11 (Nb)
μεθυσθῶσιν	μεθύω	aor subj pass 3 pl	PROIEL JOHN 2.10 (V-)
μεμιαμμένοις	μιαίνω	perf ptcp pass m dat pl	PROIEL TIT 1.15 (V-)
μεμιγμένα	μείγνυμι	perf ptcp pass n nom sg	PROIEL REV 8.7 (V-)
μεμιγμένην	μείγνυμι	perf ptcp pass f acc sg	PROIEL REV 15.2 (V-)
μεμιγμένον	μείγνυμι	perf ptcp pass m acc sg	PROIEL MATT 27.34 (V-)
μενοῦνγε	μενοῦνγε		PROIEL ROM 10.18 (Df)
μετάλημψιν	μετάλημψις	f acc sg	PROIEL 1TIM 4.3 (Nb)
μετήλλαξαν	μεταλλάσσω	aor ind act 3 sg	PROIEL ROM 1.26 (V-)
μεταβαλόμενοι	μεταβάλλω	pres ptcp mid m nom pl	PROIEL ACTS 28.6 (V-)
μεταμεληθήσεται	μεταμέλομαι	fut ind pass 3 sg	PROIEL HEB 7.21 (V-)
μεταμεληθείς	μεταμέλομαι	aor ptcp pass m nom sg	PROIEL MATT 27.3 (V-)
μετεμελήθητε	μεταμέλομαι	aor ind pass 2 pl	PROIEL MATT 21.32 (V-)
μηδέ	μήτε		PROIEL MARK 3.20 (Df)
μηδέ	μηδείς	m acc sg	PROIEL LUKE 3.14 (Px)
μηδέν	μηδείς	m acc sg	PROIEL LUKE 6.35 (Px)
μητρολῴαις	μητρολῴας	m dat pl	PROIEL 1TIM 1.9 (Nb)
μικρούς	μικρός	m dat pl	PROIEL REV 11.18 (A-)
μνήσθητε	μιμνῄσκω	aor imp pass 2 pl	PROIEL LUKE 24.6 (V-)
μνησθῇς	μιμνῄσκω	aor subj act 2 sg	PROIEL MATT 5.23 (V-)
μοι	ἐγώ	n dat sg	PROIEL ACTS 13.2 (Pp)
μυρίους	μύριοι	m acc pl	PROIEL 1COR 14.19 (Ma)
μυρίων	μύριοι	n gen pl	PROIEL MATT 18.24 (Ma)
μωρανθῇ	μωραίνω	aor subj pass 3 sg	PROIEL LUKE 14.34 (V-)
μόλις	μόγις		PROIEL LUKE 9.39 (Df)
μύλινον	μύλος	m acc sg	PROIEL REV 18.21 (Nb)
νήπιοι	ἤπιος	m nom pl	PROIEL 1THESS 2.7 (A-)
νίπτειν	νίπτω	pres inf act	PROIEL JOHN 13.14 (V-)
νίπτεις	νίπτω	pres ind act 2 sg	PROIEL JOHN 13.6 (V-)
νίπτονται	νίπτω	pres ind mid 3 pl	PROIEL MATT 15.2 (V-)
νίψαι	νίπτω	aor imp mid 2 sg	PROIEL JOHN 9.11 (V-)
νίψασθαι	νίπτω	aor inf mid	PROIEL JOHN 13.10 (V-)
νίψω	νίπτω	aor subj act 1 sg	PROIEL JOHN 13.8 (V-)
νίψωνται	νίπτω	aor subj mid 3 pl	PROIEL MARK 7.3 (V-)
νίψῃς	νίπτω	aor subj act 2 sg	PROIEL JOHN 13.8 (V-)
νεανίαν	νεανίσκος	m acc sg	PROIEL ACTS 23.18 (Nb)
νιψάμενος	νίπτω	aor ptcp mid m nom sg	PROIEL JOHN 9.11 (V-)
νοσσία	νοσσίον	n acc pl	PROIEL MATT 23.37 (Nb)
νοσσιάν	νοσσιά	f acc sg	PROIEL LUKE 13.34 (Nb)
νοσσούς	νοσσός	m acc pl	PROIEL LUKE 2.24 (Nb)
νουθεσία	νουθεσία	f dat sg	PROIEL EPH 6.4 (Nb)
νῦν	νυνί		PROIEL HEB 8.6 (Df)
ξπέρμα	σπέρμα	n nom sg	PROIEL HEB 11.18 (Nb)
οἰκτείρω	οἰκτίρω	pres subj act 1 sg	PROIEL ROM 9.15 (V-)
οἰκτειρήσω	οἰκτίρω	fut ind act 1 sg	PROIEL ROM 9.15 (V-)
οἱ	ὁ	m nom sg	PROIEL HEB 12.10 (Pp)
οἶδα	οἶδα	perf ind act 1 pl	PROIEL MARK 1.24 (V-)
οἶδα	οἶδα	perf ind act 2 pl	PROIEL JOHN 5.32 (V-)
οὐδέ	οὔτε		PROIEL REV 5.3 (C-)
οὐδενί	οὐδέ		PROIEL MATT 8.10 (Df)
οὔπω	οὐδέπω		PROIEL JOHN 7.39 (Df)
οὕς	ὅσος	m acc pl	PROIEL MATT 22.10 (Pr)
οὗτος	αὐτός	m nom sg	PROIEL ACTS 10.42 (Pp)
οῖ	ὁ	m nom pl	PROIEL REV 19.9 (S-)
οῦν	οὖν		PROIEL JOHN 18.37 (Df)
πάντα	ἅπας	m acc sg	PROIEL LUKE 21.4 (A-)
πάντα	ἅπας	n acc pl	PROIEL LUKE 15.13 (A-)
πάντα	ἅπας	n nom pl	PROIEL ACTS 4.32 (A-)
πάντας	ἅπας	m acc pl	PROIEL LUKE 17.29 (A-)
πάντες	ἅπας	m nom pl	PROIEL 2THESS 2.12 (A-)
πάσαις	πᾶς	f acc pl	PROIEL LUKE 1.75 (Px)
πέμψουσιν	πέμπω	pres ind act 3 pl	PROIEL REV 11.10 (V-)
πέπρακεν	πέρνημι	perf ind act 3 sg	PROIEL MATT 13.46 (V-)
πέπτωκαν	πίνω	perf ind act 3 pl	PROIEL REV 18.3 (V-)
πέπτωκες	πίπτω	perf ind act 2 sg	PROIEL REV 2.5 (V-)
πέτρας	πέτρα	f acc sg	PROIEL LUKE 8.13 (Nb)
πίεσαι	πίνω	fut ind mid 2 sg	PROIEL LUKE 17.8 (V-)
πίμπρασθαι	ἐμπίμπρημι	pres inf mid	PROIEL ACTS 28.6 (V-)
παιδίον	παιδίον	n gen sg	PROIEL LUKE 9.47 (Nb)
παιδεία	παιδεία	f nom pl	PROIEL HEB 12.11 (Nb)
παλινγενεσίας	παλιγγενεσία	f gen sg	PROIEL TIT 3.5 (Nb)
παλινγενεσίᾳ	παλιγγενεσία	f dat sg	PROIEL MATT 19.28 (Nb)
πανδοχεῖ	πανδοχεύς	m dat sg	PROIEL LUKE 10.35 (Nb)
πανδοχεῖον	πανδοχεῖον	n acc sg	PROIEL LUKE 10.34 (Nb)
πανοικεί	πανοικεί		PROIEL ACTS 16.34 (Df)
πανπληθεί	παμπληθεί		PROIEL LUKE 23.18 (Df)
παντός	διαπαντός		PROIEL HEB 9.6 (Df)
παρένεγκε	παραφέρω	aor imp act 2 sg	PROIEL MARK 14.36 (V-)
παρένεγκε	παραφέρω	aor inf act	PROIEL LUKE 22.42 (V-)
παρέξῃ	παρέχω	aor subj act 3 sg	PROIEL LUKE 7.4 (V-)
παραβαλήν	παραβολή	f acc sg	PROIEL LUKE 20.9 (Nb)
παραδούς	παραδίδωμι	pres ptcp act m nom sg	PROIEL MATT 27.3 (V-)
παραδοῖ	παραδίδωμι	aor subj act 3 sg	PROIEL JOHN 13.2 (V-)
παρακαθεσθεῖσα	παρακαθέζομαι	aor ptcp pass f nom sg	PROIEL LUKE 10.39 (V-)
παραλήμψομαι	παραλαμβάνω	fut ind mid 1 sg	PROIEL JOHN 14.3 (V-)
παραλημφθήσεται	παραλαμβάνω	fut ind pass 3 sg	PROIEL LUKE 17.35 (V-)
παρεδίδετο	παραδίδωμι	impf ind pass 3 sg	PROIEL 1COR 11.23 (V-)
παρεμβαλοῦσιν	παραβάλλω	fut ind act 3 pl	PROIEL LUKE 19.43 (V-)
παρεῖχαν	παρέχω	impf ind act 3 pl	PROIEL ACTS 28.2 (V-)
παρηκολοίθησας	παρακολουθέω	aor ind act 2 sg	PROIEL 2TIM 3.10 (V-)
παριστάνετε	παρίστημι	pres imp act 2 pl	PROIEL ROM 6.13 (V-)
παριστάνετε	παρίστημι	pres ind act 2 pl	PROIEL ROM 6.16 (V-)
παριστήκεισαν	παρίστημι	plpf ind act 3 pl	PROIEL ACTS 1.10 (V-)
πατέρες	πατήρ	m nom sg	PROIEL HEB 3.9 (Nb)
πατήρ	πατήρ	m voc sg	PROIEL JOHN 17.21 (Nb)
πατρολῴαις	πατρολῴας	m dat pl	PROIEL 1TIM 1.9 (Nb)
πεζῇ	πεζῇ		PROIEL MARK 6.33 (Df)
πεινᾷ	πεινάω	pres ind act 3 sg	PROIEL 1COR 11.34 (V-)
πεινᾷ	πεινάω	pres subj act 3 sg	PROIEL ROM 12.20 (V-)
πεινᾷν	πεινάω	pres inf act	PROIEL PHIL 4.12 (V-)
πειράζεται	πειράζω	pres ind act 3 sg	PROIEL JAS 1.14 (V-)
πεπραμένος	πέρνημι	perf ptcp pass m nom sg	PROIEL ROM 7.14 (V-)
πεπυρωμένης	πυρόω	perf ptcp pass n dat sg	PROIEL REV 1.15 (V-)
περιέκρυβεν	περικρύβω	impf ind act 3 sg	PROIEL LUKE 1.24 (V-)
περιαψάντων	ἅπτω	aor ptcp act m gen pl	PROIEL LUKE 22.55 (V-)
περιβεβλημένους	περιβάλλω	perf ptcp pass m nom pl	PROIEL REV 11.3 (V-)
περιεζωσμέναι	περιζώννυμι	perf ptcp pass f nom pl	PROIEL LUKE 12.35 (V-)
περιεζωσμένοι	περιζώννυμι	perf ptcp pass m nom pl	PROIEL REV 15.6 (V-)
περιεζωσμένον	περιζώννυμι	perf ptcp pass m acc sg	PROIEL REV 1.13 (V-)
περιελόντες	περιέρχομαι	aor ptcp act m nom pl	PROIEL ACTS 28.13 (V-)
περιζωσάμενοι	περιζώννυμι	aor ptcp mid m nom pl	PROIEL EPH 6.14 (V-)
περιζωσάμενος	περιζώννυμι	aor ptcp mid m nom sg	PROIEL LUKE 17.8 (V-)
περιζώσεται	περιζώννυμι	fut ind mid 3 sg	PROIEL LUKE 12.37 (V-)
περιρήξαντες	περιρήγνυμι	aor ptcp act m nom pl	PROIEL ACTS 16.22 (V-)
περισσεύονται	περισσεύω	pres ind act 3 pl	PROIEL LUKE 15.17 (V-)
περιτιθέασιν	περιτίθημι	pres ind act 3 sg	PROIEL MARK 15.17 (V-)
πετεινά	πετεινόν	n acc pl	PROIEL ACTS 11.6 (Nb)
πετεινά	πετεινόν	n nom pl	PROIEL ACTS 10.12 (Nb)
πετεινῶν	πετεινόν	n gen pl	PROIEL JAS 3.7 (Nb)
πεῖν	πίνω	aor inf act	PROIEL REV 16.6 (V-)
πιθοῖς	πειθός	m/n dat pl	PROIEL 1COR 2.4 (A-)
πιπρασκομένων	πέρνημι	pres ptcp pass n gen pl	PROIEL ACTS 4.34 (V-)
πιστεύητε	πιστεύω	aor subj act 2 pl	PROIEL JOHN 13.19 (V-)
πιστεύσαντες	πιστεύω	fut ptcp act m nom pl	PROIEL JOHN 7.39 (V-)
πλήρη	πλήρης	m nom sg	PROIEL MARK 4.28 (A-)
πλανᾶσθαι	πλανάω	aor inf pass	PROIEL MATT 24.24 (V-)
πλατύνθητε	πλατύνω	aor imp pass 2 pl	PROIEL 2COR 6.13 (V-)
πλείονος	πολύς	nom sg comp	PROIEL HEB 3.3 (A-)
πλεῖστον	πολύς	n acc sg sup	PROIEL 1COR 14.27 (A-)
πλεῖστος	πολύς	m nom sg sup	PROIEL MARK 4.1 (A-)
πληρωθῶσιν	πληρόω	aor subj act 3 pl	PROIEL REV 6.11 (V-)
πλησίον	πλησίον		PROIEL EPH 4.25 (Df)
πλοίου	πλοῖον	n dat sg	PROIEL LUKE 5.3 (Nb)
πλοός	πλόος	m gen sg	PROIEL ACTS 27.9 (Nb)
πλού	πλοῦτος	m gen sg	PROIEL 1TIM 6.17 (Nb)
πλοῖα	πλοιάριον	n nom pl	PROIEL JOHN 6.23 (Nb)
ποιήσαντες	ἑτοιμάζω	aor ptcp act m nom pl	PROIEL MARK 15.1 (V-)
ποιήσω	ποιέω	pres subj act 1 sg	PROIEL JOHN 4.34 (V-)
ποιεῖ	ποιέω	impf ind act 3 sg	PROIEL MARK 3.8 (V-)
ποιμανεῖ	ποιμαίνω	fut ind act 3 sg	PROIEL REV 19.15 (V-)
ποιοῦν	ποιέω	pres ptcp act m nom sg	PROIEL REV 22.2 (V-)
ποιῶ	ποιέω	aor subj act 1 sg	PROIEL JOHN 6.38 (V-)
ποιῶν	ποιέω	pres ptcp act m voc sg	PROIEL ROM 2.3 (V-)
πολλῇ	πολύς	f nom sg	PROIEL ROM 9.22 (A-)
πονηρῶν	πονηρός	f acc sg	PROIEL ACTS 25.18 (A-)
πορρώτερον	πόρρω	comp	PROIEL LUKE 24.28 (Df)
ποτέ	μήποτε		PROIEL MATT 5.25 (G-)
ποταπή	ποταπός	f nom sg	PROIEL LUKE 7.39 (Pi)
ποταπαί	ποταπός	f nom pl	PROIEL MARK 13.1 (Pi)
ποταποί	ποταπός	m nom pl	PROIEL MARK 13.1 (Pi)
ποταπός	ποταπός	m nom sg	PROIEL LUKE 1.29 (Pi)
ποτε	μήποτε		PROIEL MATT 15.32 (G-)
που	δήπου		PROIEL HEB 2.16 (Df)
πραΰς	πραΰς	m nom sg	PROIEL MATT 21.5 (A-)
πραΰτης	πραΰτης	f nom sg	PROIEL GAL 5.23 (Nb)
πραΰτητα	πραΰτης	f acc sg	PROIEL TIT 3.2 (Nb)
πραΰτητι	πραΰτης	f dat sg	PROIEL JAS 3.13 (Nb)
πραΰτητος	πραΰτης	f gen sg	PROIEL EPH 4.2 (Nb)
πραγμάτων	πρᾶγμα	n gen sg	PROIEL HEB 6.18 (Nb)
πραγματίαις	πραγματεία	f dat pl	PROIEL 2TIM 2.4 (Nb)
πραγματεύσασθαι	πραγματεύομαι	aor imp mid 2 pl	PROIEL LUKE 19.13 (V-)
πραθέν	πέρνημι	aor ptcp pass n nom sg	PROIEL ACTS 5.4 (V-)
πραθῆναι	πέρνημι	aor inf pass	PROIEL MARK 14.5 (V-)
πραϋπαθίαν	πραΰτης	f acc sg	PROIEL 1TIM 6.11 (Nb)
προβάτια	πρόβατον	n acc pl	PROIEL JOHN 21.17 (Nb)
προείπαμεν	προλέγω	aor ind act 1 pl	PROIEL 1THESS 4.6 (V-)
προείρηκα	προλέγω	perf ind act 1 sg	PROIEL 2COR 13.2 (V-)
προείρηκεν	προλέγω	perf ind act 3 sg	PROIEL ROM 9.29 (V-)
προείρηται	προλέγω	perf ind pass 3 sg	PROIEL HEB 4.7 (V-)
προειρήκαμεν	προλέγω	perf ind act 1 pl	PROIEL GAL 1.9 (V-)
προελθών	προσέρχομαι	aor ptcp act m nom sg	PROIEL MATT 26.39 (V-)
προευηγγελίσατο	προευαγγελίζομαι	aor ind mid 3 sg	PROIEL GAL 3.8 (V-)
προεῖπε	προλέγω	aor ind act 3 sg	PROIEL ACTS 1.16 (V-)
προεῖπον	προλέγω	aor ind act 1 sg	PROIEL GAL 5.21 (V-)
προιδών	προοράω	aor ptcp act m nom sg	PROIEL ACTS 2.31 (V-)
προλημφθῇ	προλαμβάνω	aor subj pass 3 sg	PROIEL GAL 6.1 (V-)
προνοεῖ	προνοέω	pres ind mid 3 sg	PROIEL 1TIM 5.8 (V-)
προπάτορα	πατήρ	m acc sg	PROIEL ROM 4.1 (Nb)
προσένεγκε	προσφέρω	aor imp act 2 sg	PROIEL LUKE 5.14 (V-)
προσέπεσαν	προσπίπτω	aor ind act 3 pl	PROIEL MATT 7.25 (V-)
προσέρηξεν	προσρήσσω	aor ind act 3 sg	PROIEL LUKE 6.49 (V-)
προσήχθη	προσφέρω	aor ind pass 3 sg	PROIEL MATT 18.24 (V-)
προσαγαγεῖν	προάγω	aor inf act	PROIEL ACTS 12.6 (V-)
προσανέθεντο	προσανατίθημι	aor ind mid 3 pl	PROIEL GAL 2.6 (V-)
προσανεθέμην	προσανατίθημι	aor ind mid 1 sg	PROIEL GAL 1.16 (V-)
προσεκλίθη	προσκολλάω	aor ind pass 3 sg	PROIEL ACTS 5.36 (V-)
προσεκύλισεν	προσκυλίω	aor ind act 3 sg	PROIEL MARK 15.46 (V-)
προσελθόντες	προέρχομαι	aor ptcp act m nom pl	PROIEL ACTS 20.5 (V-)
προσελθών	εἰσέρχομαι	aor ptcp act m nom sg	PROIEL MATT 9.18 (V-)
προσευχῶν	προσευχή	f gen sg	PROIEL ROM 1.10 (Nb)
προσεύχεσθε	εὔχομαι	pres imp mid 2 pl	PROIEL JAS 5.16 (V-)
προσκυλίσας	προσκυλίω	aor ptcp act m nom sg	PROIEL MATT 27.60 (V-)
προσκυνήσωσιν	προσκυνέω	fut ind act 3 pl	PROIEL REV 13.15 (V-)
προσωπολήμπτης	προσωπολήμπτης	m nom sg	PROIEL ACTS 10.34 (Nb)
προσωπολημπτεῖτε	προσωποληπτέω	pres ind act 2 pl	PROIEL JAS 2.9 (V-)
προσωπολημψία	προσωπολημψία	f nom sg	PROIEL COL 3.25 (Nb)
προσωπολημψίαις	προσωποληψία	f dat pl	PROIEL JAS 2.1 (Nb)
προσώχθισα	προσοχθίζω	aor ind act 1 sg	PROIEL HEB 3.10 (V-)
προσώχθισεν	προσοχθίζω	aor ind act 3 sg	PROIEL HEB 3.17 (V-)
προφήτας	προφήτης	m acc sg	PROIEL ROM 11.3 (Nb)
προϊδοῦσα	προοράω	aor ptcp act f nom sg	PROIEL GAL 3.8 (V-)
πρωίας	πρωΐα	f gen sg	PROIEL JOHN 21.4 (Nb)
πρόξ	πρός		PROIEL 2COR 3.16 (R-)
πρός	πρῶτος	m nom sg	PROIEL JOHN 1.42 (Mo)
πρόσλημψις	πρόσλημψις	f nom sg	PROIEL ROM 11.15 (Nb)
πρόϊμον	πρώϊμος	m acc sg	PROIEL JAS 5.7 (A-)
πυράν	πυρά#1	f acc sg	PROIEL ACTS 28.3 (Nb)
πως	εἴπως		PROIEL ACTS 27.12 (G-)
πως	μήπως		PROIEL GAL 4.11 (G-)
πόρρω	πόρρω		PROIEL LUKE 14.32 (Df)
πόρρωθεν	πόρρωθεν		PROIEL HEB 11.13 (Df)
πότερον	πότερον		PROIEL JOHN 7.17 (Du)
πύθωνα	πύθων	m acc sg	PROIEL ACTS 16.16 (Nb)
σάββασιν	σάββατον	n dat pl	PROIEL LUKE 13.10 (Nb)
σάπφειρος	σάπφιρος	f nom sg	PROIEL REV 21.19 (Nb)
σάρκα	σάρξ	f acc pl	PROIEL LUKE 24.39 (Nb)
σαβαχθανεί	σαβαχθάνι		PROIEL MARK 15.34 (F-)
σαββάτων	σάββατον	n gen pl	PROIEL COL 2.16 (Nb)
σαββάτῳ	σάββατον	n dat sg	PROIEL ACTS 13.44 (Nb)
σαββατισμός	σαββατισμός	m nom sg	PROIEL HEB 4.9 (Nb)
σαλπιστῶν	σαλπιστής	m gen pl	PROIEL REV 18.22 (Nb)
σαρδόνυξ	σαρδόνυξ	f nom sg	PROIEL REV 21.20 (Nb)
σεαυτοῦ	ἑαυτοῦ	m gen sg	PROIEL JOHN 18.34 (Pk)
σημεῖα	σημεῖον	n acc sg	PROIEL JOHN 6.14 (Nb)
σιρικοῦ	σιρικός	n gen sg	PROIEL REV 18.12 (A-)
σιτία	σῖτος	n acc pl	PROIEL ACTS 7.12 (Nb)
σκοτίᾳ	σκότος	n dat sg	PROIEL MATT 4.16 (Nb)
σκοτινόν	σκοτεινός	n acc sg	PROIEL LUKE 11.36 (A-)
σκοτινόν	σκοτεινός	n nom sg	PROIEL LUKE 11.34 (A-)
σκύλλε	σκύλλω	pres ind act 3 sg	PROIEL LUKE 8.49 (V-)
σμάραγδος	σμάραγδος	m nom sg	PROIEL REV 21.19 (Nb)
σου	σός	m gen sg	PROIEL ROM 10.6 (Ps)
σου	σός	m/n gen sg	PROIEL ACTS 23.5 (Ps)
σοφίᾳ	σοφία	f gen sg	PROIEL LUKE 2.40 (Nb)
σταδίους	στάδιον	n acc pl	PROIEL JOHN 6.19 (Nb)
σταυρώσωσιν	σταυρόω	fut ind act 3 pl	PROIEL MARK 15.20 (V-)
στείρᾳ	στεῖρα	f nom sg	PROIEL LUKE 1.36 (Nb)
στοιχείεν	στοιχεῖον	n gen pl	PROIEL COL 2.20 (Nb)
στρατείας	στρατιά	f gen sg	PROIEL 2COR 10.4 (Nb)
στρῶσον	στρωννύω	aor imp act 2 sg	PROIEL ACTS 9.34 (V-)
στύλοι	στῦλος	m nom pl	PROIEL REV 10.1 (Nb)
στύλον	στῦλος	m acc sg	PROIEL REV 3.12 (Nb)
στύλος	στῦλος	m nom sg	PROIEL 1TIM 3.15 (Nb)
στῆναι	ἵστημι	aor inf pass	PROIEL MARK 3.25 (V-)
συγγενεῦσιν	συγγενής	m dat pl	PROIEL LUKE 2.44 (A-)
συλλήμψῃ	συλλαμβάνω	fut ind mid 2 sg	PROIEL LUKE 1.31 (V-)
συλλημφθέντα	συλλαμβάνω	aor ptcp pass m acc sg	PROIEL ACTS 23.27 (V-)
συλλημφθῆναι	συλλαμβάνω	aor inf pass	PROIEL LUKE 2.21 (V-)
συμφωνήσωσιν	συμφωνέω	fut ind act 3 pl	PROIEL MATT 18.19 (V-)
συνάγετε	συνάγω	aor imp act 2 pl	PROIEL MATT 13.30 (V-)
συνάχθητε	συνάγω	aor imp pass 2 pl	PROIEL REV 19.17 (V-)
συνέπεσεν	πίπτω	aor ind act 3 sg	PROIEL LUKE 6.49 (V-)
συνέταξεν	προστάσσω	aor ind act 3 sg	PROIEL MATT 21.6 (V-)
συνέφαγεν	συνεσθίω	aor ind act 2 sg	PROIEL ACTS 11.3 (V-)
συνέχυννεν	συγχέω	impf ind act 3 sg	PROIEL ACTS 9.22 (V-)
συνήσθιεν	συνεσθίω	impf ind act 3 sg	PROIEL GAL 2.12 (V-)
συνήσουσιν	συνίημι	fut ind mid 3 pl	PROIEL ROM 15.21 (V-)
συνίουσιν	συνίημι	pres ind act 3 pl	PROIEL MATT 13.13 (V-)
συνακολουθοῦσαι	συνακολουθέω	aor ptcp act f nom pl	PROIEL LUKE 23.49 (V-)
συναναμίγιυσθαι	συναναμείγνυμι	pres imp mid 2 pl	PROIEL 2THESS 3.14 (V-)
συναναμίγνυσθαι	συναναμείγνυμι	pres inf mid	PROIEL 1COR 5.11 (V-)
συναντιλάβηται	συναντιλαμβάνομαι	aor subj mid 3 sg	PROIEL LUKE 10.40 (V-)
συναντιλαμβάνεται	συναντιλαμβάνομαι	pres ind mid 3 sg	PROIEL ROM 8.26 (V-)
συνγνώμην	συγγνώμη	f acc sg	PROIEL 1COR 7.6 (Nb)
συνεζωοποίησεν	συζωοποιέω	aor ind act 3 sg	PROIEL COL 2.13 (V-)
συνειδυίης	συνοράω	perf ptcp act f gen sg	PROIEL ACTS 5.2 (V-)
συνεσθίει	συνεσθίω	pres ind act 3 sg	PROIEL LUKE 15.2 (V-)
συνεσθίειν	συνεσθίω	pres inf act	PROIEL 1COR 5.11 (V-)
συνεφάγομεν	συνεσθίω	aor ind act 1 pl	PROIEL ACTS 10.41 (V-)
συνζητεῖν	συζητέω	pres inf act	PROIEL LUKE 24.15 (V-)
συνζητεῖτε	συζητέω	pres ind act 2 pl	PROIEL MARK 9.16 (V-)
συνζητητής	συζητητής	m nom sg	PROIEL 1COR 1.20 (Nb)
συνζητούντων	συζητέω	pres ptcp act m gen pl	PROIEL MARK 12.28 (V-)
συνζητοῦντας	συζητέω	pres ptcp act m acc pl	PROIEL MARK 9.14 (V-)
συνζητοῦντες	συζητέω	pres ptcp act m nom pl	PROIEL ACTS 6.9 (V-)
συνζῆν	συζάω	pres inf act	PROIEL 2COR 7.3 (V-)
συνθλασθήσεται	συνθλάω	fut ind pass 3 sg	PROIEL LUKE 20.18 (V-)
συνιδόντες	συνοράω	aor ptcp act m nom pl	PROIEL ACTS 14.6 (V-)
συνιδών	συνοράω	aor ptcp act m nom sg	PROIEL ACTS 12.12 (V-)
συνιστάνειν	συνίστημι	pres inf act	PROIEL 2COR 3.1 (V-)
συνιστάνομεν	συνίστημι	pres ind act 1 pl	PROIEL 2COR 5.12 (V-)
συνιστάνοντες	συνίστημι	pres ptcp act m nom pl	PROIEL 2COR 6.4 (V-)
συνιστάνω	συνίστημι	pres ind act 1 sg	PROIEL GAL 2.18 (V-)
συνιστάνων	συνίστημι	pres ptcp act m nom sg	PROIEL 2COR 10.18 (V-)
συνιστανόντων	συνίστημι	pres ptcp act m gen pl	PROIEL 2COR 10.12 (V-)
συνκαθήμενοι	συγκάθημαι	pres ptcp mid m nom pl	PROIEL ACTS 26.30 (V-)
συνκαθήμενος	συγκάθημαι	pres ptcp mid m nom sg	PROIEL MARK 14.54 (V-)
συνκατάθεσις	συγκατάθεσις	f nom sg	PROIEL 2COR 6.16 (Nb)
συνκαταβάντες	συγκαταβαίνω	aor ptcp act m nom pl	PROIEL ACTS 25.5 (V-)
συνκατατεθειμένος	συγκατατίθεμαι	perf ptcp pass m nom sg	PROIEL LUKE 23.51 (V-)
συνκατεψηφίσθη	συγκαταψηφίζομαι	aor ind pass 3 sg	PROIEL ACTS 1.26 (V-)
συνκεκερασμένους	συγκεράννυμι	perf ptcp pass m nom sg	PROIEL HEB 4.2 (V-)
συνκληρονόμα	συγκληρονόμος	n acc pl	PROIEL EPH 3.6 (A-)
συνκληρονόμοι	συγκληρονόμος	m nom pl	PROIEL ROM 8.17 (A-)
συνκληρονόμων	συγκληρονόμος	m gen pl	PROIEL HEB 11.9 (A-)
συνκοινωνούς	συγκοινωνός	m acc pl	PROIEL PHIL 1.7 (Nb)
συνκοινωνός	συγκοινωνός	m nom sg	PROIEL 1COR 9.23 (Nb)
συνμέτοχα	συμμέτοχος	n acc pl	PROIEL EPH 3.6 (A-)
συνμέτοχοι	συμμέτοχος	m nom pl	PROIEL EPH 5.7 (A-)
συνμαθηταῖς	συμμαθητής	m dat pl	PROIEL JOHN 11.16 (Nb)
συνπαραγενόμενοι	συμπαραγίγνομαι	aor ptcp mid m nom pl	PROIEL LUKE 23.48 (V-)
συνπαρακληθῆναι	συμπαρακαλέω	aor inf pass	PROIEL ROM 1.12 (V-)
συνπαραλαβεῖν	συμπαραλαμβάνω	aor inf act	PROIEL ACTS 15.37 (V-)
συνπαραλαβόντες	συμπαραλαμβάνω	aor ptcp act m nom pl	PROIEL ACTS 12.25 (V-)
συνπαραλαβών	συμπαραλαμβάνω	aor ptcp act m nom sg	PROIEL GAL 2.1 (V-)
συνπαραλαμβάνειν	συμπαραλαμβάνω	pres inf act	PROIEL ACTS 15.38 (V-)
συνπαρόντες	συμπάρειμι#1	pres ptcp act m nom pl	PROIEL ACTS 25.24 (V-)
συνπεριλαβών	συμπεριλαμβάνω	aor ptcp act m nom sg	PROIEL ACTS 20.10 (V-)
συνπολῖται	συμπολίτης	m nom pl	PROIEL EPH 2.19 (Nb)
συνσταυρωθέντες	συσταυρόω	aor ptcp pass m nom pl	PROIEL MATT 27.44 (V-)
συνσταυρωθέντος	συσταυρόω	aor ptcp pass m gen sg	PROIEL JOHN 19.32 (V-)
συνστενάζει	συστενάζω	pres ind act 3 sg	PROIEL ROM 8.22 (V-)
συνστοιχεῖ	συστοιχέω	pres ind act 3 sg	PROIEL GAL 4.25 (V-)
συνστρατιώτην	συστρατιώτης	m acc sg	PROIEL PHIL 2.25 (Nb)
συνστρατιώτῃ	συστρατιώτης	m dat sg	PROIEL PHILEM 1.2 (Nb)
συνσχηματίζεσθε	συσχηματίζω	pres imp mid 2 pl	PROIEL ROM 12.2 (V-)
συνσχηματιζόμενοι	συσχηματίζω	pres ptcp mid m nom pl	PROIEL 1PET 1.14 (V-)
συντετρίφθαι	συντρίβω	perf inf pass	PROIEL MARK 5.4 (V-)
συνχαίρει	συγχαίρω	pres ind act 2 sg	PROIEL 1COR 12.26 (V-)
συνχύννεται	συγχέω	pres ind pass 3 sg	PROIEL ACTS 21.31 (V-)
σφυρίδας	σπυρίς	f acc pl	PROIEL MATT 16.10 (Nb)
σφυρίδι	σπυρίς	f dat sg	PROIEL ACTS 9.25 (Nb)
σφυρίδων	σπυρίς	f gen pl	PROIEL MARK 8.20 (Nb)
σχίσμα	σχίσμα	n nom pl	PROIEL 1COR 12.25 (Nb)
σωτήριον	σωτήριον	n acc sg	PROIEL LUKE 3.6 (Nb)
σωτήριον	σωτήριον	n nom sg	PROIEL ACTS 28.28 (Nb)
σωφρόνως	σωφρόνως		PROIEL TIT 2.12 (Df)
σύνζυγε	σύζυγος	m voc sg	PROIEL PHIL 4.3 (A-)
σύνσωμα	σύσσωμος	n acc pl	PROIEL EPH 3.6 (A-)
σύνψυχοι	σύμψυχος	m/f nom pl	PROIEL PHIL 2.2 (A-)
σύροντες	σύρω	pres ptcp act m nom sg	PROIEL JOHN 21.8 (V-)
σώματι	σῶμα	n dat pl	PROIEL 2COR 4.10 (Nb)
σῖτον	σῖτος	m nom sg	PROIEL MARK 4.28 (Nb)
τάχει	ταχέως	comp	PROIEL 1TIM 3.14 (Df)
τάχειον	ταχέως	comp	PROIEL JOHN 20.4 (Df)
τέτυχεν	τυγχάνω	perf ind act 3 sg	PROIEL HEB 8.6 (V-)
τήν	ὁ	f dat sg	PROIEL EPH 5.31 (S-)
ταπεινώσῃ	ταπεινόω	fut ind act 3 sg	PROIEL 2COR 12.21 (V-)
ταῖς	ὁ	f acc pl	PROIEL LUKE 1.75 (S-)
τεθραμμένος	ἀνατρέφω	perf ptcp pass m nom sg	PROIEL LUKE 4.16 (V-)
τεκνία	τέκνον	n voc pl	PROIEL GAL 4.19 (Nb)
τελειώσω	τελειόω	aor inf act	PROIEL ACTS 20.24 (V-)
τεσσεράκοντα	τεσσεράκοντα		PROIEL HEB 3.17 (Ma)
τεσσερακονταετής	τεσσερακονταετής	m/f nom sg	PROIEL ACTS 7.23 (A-)
τεσσερακονταετῆ	τεσσερακονταετής	m/f acc sg	PROIEL ACTS 13.18 (A-)
τετήρηκαν	τηρέω	perf ind act 3 pl	PROIEL JOHN 17.6 (V-)
τετραάρχης	τετραάρχης	m nom sg	PROIEL LUKE 9.7 (Nb)
τετραάρχου	τετραάρχης	m gen sg	PROIEL ACTS 13.1 (Nb)
τετρααρχοῦντος	τετρααρχέω	pres ptcp act m gen sg	PROIEL LUKE 3.1 (V-)
τετραπλοῦν	τετραπλοῦς	n acc sg	PROIEL LUKE 19.8 (Nb)
τηλαυγῶς	δηλαυγῶς		PROIEL MARK 8.25 (Df)
τινος	τὶς	m/f nom pl	PROIEL ACTS 19.14 (Px)
τις	ὅστις	m nom sg	PROIEL MARK 8.34 (Pr)
τοιγαροῦν	τοιγαροῦν		PROIEL 1THESS 4.8 (Df)
τοπάζιον	τοπάζιον	n nom sg	PROIEL REV 21.20 (Nb)
τούς	ὁ	m dat pl	PROIEL REV 14.18 (S-)
τοῦ	αὐτός	m gen sg	PROIEL JOHN 1.48 (Pp)
τοῦς	ὁ	m acc pl	PROIEL JOHN 12.40 (S-)
τρέφωσιν	τρέφω	pres ind act 3 pl	PROIEL REV 12.6 (V-)
τρήματος	τρύπημα	n gen sg	PROIEL MATT 19.24 (Nb)
τραπεζείταις	τραπεζίτης	m dat pl	PROIEL MATT 25.27 (Nb)
τραχεῖς	τραχύς	m acc pl	PROIEL ACTS 27.29 (A-)
τριστέγου	τρίστεγον	n gen sg	PROIEL ACTS 20.9 (Nb)
τυφλόν	τυφλός	m nom sg	PROIEL MATT 12.22 (A-)
τυφωνικός	τυφωνικός	m nom sg	PROIEL ACTS 27.14 (A-)
τύπον	τόπος	m acc sg	PROIEL JOHN 20.25 (Nb)
τῆ	ὁ	f dat sg	PROIEL REV 21.8 (S-)
τῇς	ὁ	f gen sg	PROIEL 2TIM 4.4 (S-)
τῶ	ὁ	n dat sg	PROIEL MARK 16.17 (S-)
υμῶν	ὑμεῖς	m gen pl	PROIEL 1THESS 3.9 (Pp)
υἱόν	λέγω	aor ind act 1 sg	PROIEL JOHN 1.51 (V-)
φάνῃ	φαίνω	aor subj pass 3 sg	PROIEL REV 18.23 (V-)
φίλας	φίλη	f acc pl	PROIEL LUKE 15.9 (Nb)
φανεράσω	φανερόω	aor subj act 1 sg	PROIEL COL 4.4 (V-)
φαρμάκων	φαρμακεία	f gen pl	PROIEL REV 9.21 (Nb)
φαρμακία	φαρμακεία	f nom sg	PROIEL GAL 5.20 (Nb)
φαρμακίᾳ	φαρμακεία	f dat sg	PROIEL REV 18.23 (Nb)
φείσεται	φαίνω	fut ind mid 3 sg	PROIEL ROM 11.21 (V-)
φελόνην	φαιλόνης	m acc sg	PROIEL 2TIM 4.13 (Nb)
φησίν	φημί	pres ind mid 3 sg	PROIEL LUKE 7.40 (V-)
φιλοφρόνως	φιλοφρόνως		PROIEL ACTS 28.7 (Df)
φιμοῖν	φιμόω	pres inf act	PROIEL 1PET 2.15 (V-)
φιμώσεις	κημόω	fut ind act 2 sg	PROIEL 1COR 9.9 (V-)
φλύαροι	φλύαρος	f nom pl	PROIEL 1TIM 5.13 (A-)
φοίνικες	φοῖνιξ	m acc pl	PROIEL REV 7.9 (Nb)
φοβήθητε	φοβέω	aor imp pass 2 pl	PROIEL LUKE 12.5 (V-)
φοβηθῆτε	φοβέω	aor imp pass 2 pl	PROIEL LUKE 12.4 (V-)
φορέσωμεν	φορέω	aor subj act 1 pl	PROIEL 1COR 15.49 (V-)
φυλαῖς	φυλή	f gen pl	PROIEL JAS 1.1 (Nb)
φυσιοῦσθε	φυσιόω	pres subj pass 2 pl	PROIEL 1COR 4.6 (V-)
φωνῆς	φωνή	f acc sg	PROIEL REV 11.12 (Nb)
φωνῇ	φωνή	f nom sg	PROIEL REV 6.1 (Nb)
φωτινή	φωτεινός	f nom sg	PROIEL MATT 17.5 (A-)
φωτινόν	φωτεινός	n nom sg	PROIEL LUKE 11.36 (A-)
φύουσα	φύω	pres ptcp act f nom pl	PROIEL HEB 12.15 (V-)
φῶς	φῶς	n gen sg	PROIEL REV 22.5 (Nb)
χάριν	χάριν		PROIEL TIT 1.11 (R-)
χαλκηδών	χαλκηδών	m nom sg	PROIEL REV 21.19 (Nb)
χαράν	χάρις	f acc sg	PROIEL 2COR 1.15 (Nb)
χρήματα	χρῆμα	n dat pl	PROIEL ACTS 24.26 (Nb)
χρεοφιλέται	χρεοφειλέτης	m nom pl	PROIEL LUKE 7.41 (Nb)
χρεοφιλετῶν	χρεοφειλέτης	m gen pl	PROIEL LUKE 16.5 (Nb)
χρυσίῳ	χρυσός	m dat sg	PROIEL REV 18.16 (Nb)
χρυσοῦ	χρυσός	n gen sg	PROIEL REV 9.13 (Nb)
χρυσᾶν	χρύσεος	f acc sg	PROIEL REV 1.13 (A-)
χρόνον	χρόνος	m dat sg	PROIEL JOHN 14.9 (Nb)
χώοαν	χώρα	f acc sg	PROIEL ACTS 18.23 (Nb)
ψαλμῶ	ψαλμός	m dat sg	PROIEL ACTS 13.33 (Nb)
ψύχος	ψῦχος	n acc sg	PROIEL ACTS 28.2 (Nb)
ψύχος	ψῦχος	n nom sg	PROIEL JOHN 18.18 (Nb)
ό	ὁ	m nom sg	PROIEL MATT 24.35 (S-)
ϝέον	νέος	m acc sg	PROIEL COL 3.10 (A-)
ἀΐδιος	ἀδΐος	f nom sg	PROIEL ROM 1.20 (A-)
ἀγαθοποιῆσαι	ποιέω	aor inf act	PROIEL MARK 3.4 (V-)
ἀγαλλιᾶτε	ἀγαλλιάω	pres ind mid 2 pl	PROIEL 1PET 1.8 (V-)
ἀγνοεῖν	ἀγνοέω	aor inf act	PROIEL ROM 1.13 (V-)
ἀγνοῶν	ἀγνοέω	aor ptcp act m nom sg	PROIEL ROM 2.4 (V-)
ἀδελφούς	ἀδελφή	f acc pl	PROIEL MATT 19.29 (Nb)
ἀθά	ἀθά		PROIEL 1COR 16.22 (F-)
ἀκαταστασίαι	ἀκαταστασία	f nom pl	PROIEL 2COR 12.20 (Nb)
ἀκολουθεῖν	ἀκολουθέω	aor inf act	PROIEL JOHN 13.37 (V-)
ἀλάβαστρον	ἀλάβαστρος	m acc sg	PROIEL MARK 14.3 (Nb)
ἀλάβαστρον	ἀλάβαστρος	n acc sg	PROIEL LUKE 7.37 (Nb)
ἀλήθειαν	ἀλήθεια	f dat sg	PROIEL JOHN 16.13 (Nb)
ἀληθεία	ἀλήθεια	f dat sg	PROIEL EPH 6.14 (Nb)
ἀλλά	ἄλλος	n nom pl	PROIEL JOHN 6.23 (Px)
ἀμεταθέτων	ἀμετάθετος	n gen sg	PROIEL HEB 6.18 (A-)
ἀμνοῦ	ἀμνός	m gen sg	PROIEL 1PET 1.19 (Nb)
ἀμφιάζει	ἀμφιέζω	pres ind act 3 sg	PROIEL LUKE 12.28 (V-)
ἀμφιβάλλοντας	βάλλω	pres ptcp act m acc pl	PROIEL MARK 1.16 (V-)
ἀμφοτέροις	ἀμφότεροι	m dat pl	PROIEL LUKE 7.42 (A-)
ἀμφοτέρους	ἀμφότεροι	m acc pl	PROIEL EPH 2.16 (A-)
ἀμφοτέρων	ἀμφότεροι	m gen pl	PROIEL ACTS 19.16 (A-)
ἀμφότερα	ἀμφότεροι	n acc pl	PROIEL EPH 2.14 (A-)
ἀμφότεροι	ἀμφότεροι	m nom pl	PROIEL EPH 2.18 (A-)
ἀνάστα	ἀνίστημι	aor imp act 2 sg	PROIEL EPH 5.14 (V-)
ἀνέπεσαν	ἀναπίπτω	aor ind act 3 pl	PROIEL JOHN 6.10 (V-)
ἀνέστησαν	ἵστημι	aor ind act 3 pl	PROIEL LUKE 17.12 (V-)
ἀναβαίνειν	ἀναβαίνω	pres ptcp act m nom sg	PROIEL MATT 20.17 (V-)
ἀναβαίνομεν	ἀναβαίνω	pres ind act 3 pl	PROIEL MARK 10.33 (V-)
ἀναθήμασιν	ἀνάθεμα	n dat pl	PROIEL LUKE 21.5 (Nb)
ἀναιδίαν	ἀναίδεια	f acc sg	PROIEL LUKE 11.8 (Nb)
ἀνακεκύλισται	ἀνακυλίω	perf ind pass 3 sg	PROIEL MARK 16.4 (V-)
ἀνακλιθῆναι	ἀνακλίνω	aor inf act	PROIEL MARK 6.39 (V-)
ἀναλήμψεως	ἀνάλημψις	f gen sg	PROIEL LUKE 9.51 (Nb)
ἀναλημφθείς	ἀναλαμβάνω	aor ptcp pass m nom sg	PROIEL ACTS 1.11 (V-)
ἀναλἁβών	ἀναλαμβάνω	aor ptcp act m nom sg	PROIEL 2TIM 4.11 (V-)
ἀναντιρήτων	ἀναντίρρητος	gen pl	PROIEL ACTS 19.36 (A-)
ἀναντιρήτως	ἀναντιρρήτως		PROIEL ACTS 10.29 (Df)
ἀναπαήσονται	ἀναπαύω	fut ind pass 3 pl	PROIEL REV 14.13 (V-)
ἀναπαύσονται	ἀναπαύω	aor subj mid 3 pl	PROIEL REV 6.11 (V-)
ἀναπείρους	ἀνάπηρος	m acc pl	PROIEL LUKE 14.21 (A-)
ἀναπηδήσας	ἀνίστημι	aor ptcp act m nom sg	PROIEL MARK 10.50 (V-)
ἀναπληρώσατε	ἀναπληρόω	fut ind act 2 pl	PROIEL GAL 6.2 (V-)
ἀνεθεμάτισαν	ἀναθεματίζω	aor ind act 3 pl	PROIEL ACTS 23.21 (V-)
ἀνεθεματίσαμεν	ἀναθεματίζω	aor ind act 1 pl	PROIEL ACTS 23.14 (V-)
ἀνελήμφθη	ἀναλαμβάνω	aor ind pass 3 sg	PROIEL 1TIM 3.16 (V-)
ἀνεξεραύνητα	ἀνεξεραύνητος	n nom pl	PROIEL ROM 11.33 (A-)
ἀνεπίλημπτοι	ἀνεπίλη(μ)πτος	m nom pl	PROIEL 1TIM 5.7 (A-)
ἀνεπίλημπτον	ἀνεπίλη(μ)πτος	acc sg	PROIEL 1TIM 3.2 (A-)
ἀνεπίλημπτον	ἀνεπίλη(μ)πτος	f acc sg	PROIEL 1TIM 6.14 (A-)
ἀνεφώνησεν	ἀναφωνέω	aor ind act 3 sg	PROIEL LUKE 1.42 (V-)
ἀνεῳχθῆναι	ἀνοίγνυμι	aor inf pass	PROIEL LUKE 3.21 (V-)
ἀνηγγέλη	ἀναγγέλλω	aor ind pass 3 sg	PROIEL 1PET 1.12 (V-)
ἀνθρώ	ἄνθρωπος	m gen sg	PROIEL JOHN 9.35 (Nb)
ἀνθρώπρυς	ἄνθρωπος	m acc pl	PROIEL REV 16.21 (Nb)
ἀνοίγει	ἀνοίγνυμι	fut ind act 3 sg	PROIEL REV 3.7 (V-)
ἀντίπερα	ἀντιπέρα		PROIEL LUKE 8.26 (R-)
ἀντειπεῖν	ἀντιλέγω	aor inf act	PROIEL ACTS 4.14 (V-)
ἀντιδιατιθεμένους	ἀντιδιατίθημι	pres ptcp mid m acc pl	PROIEL 2TIM 2.25 (V-)
ἀντιλήμψεις	ἀντίλημψις	f acc pl	PROIEL 1COR 12.28 (Nb)
ἀπάγων	ἀπάγω	aor ptcp act m nom sg	PROIEL LUKE 13.15 (V-)
ἀπέδετο	ἀποδίδωμι	aor ind mid 3 sg	PROIEL HEB 12.16 (V-)
ἀπέλειπον	ἀπολείπω	aor ind act 1 sg	PROIEL TIT 1.5 (V-)
ἀπέπεσαν	ἀποπίπτω	aor ind act 3 pl	PROIEL ACTS 9.18 (V-)
ἀπέπνιξαν	πνίγω	aor ind act 3 pl	PROIEL MATT 13.7 (V-)
ἀπέστειλα	ἀποστέλλω	perf ind act 1 sg	PROIEL JOHN 4.38 (V-)
ἀπέστειλεν	ἀποστέλλω	perf ind act 3 sg	PROIEL JOHN 7.29 (V-)
ἀπήντησαν	ὑπαντάω	aor ind act 3 pl	PROIEL LUKE 17.12 (V-)
ἀπειθίαν	ἀπείθεια	f acc sg	PROIEL ROM 11.32 (Nb)
ἀπειθίας	ἀπείθεια	f gen sg	PROIEL EPH 5.6 (Nb)
ἀπειθίᾳ	ἀπείθεια	f dat sg	PROIEL ROM 11.30 (Nb)
ἀπειπάμεθα	ἀπολέγω	aor ind mid 1 pl	PROIEL 2COR 4.2 (V-)
ἀπεκατέστη	ἀποκαθιστάνω	aor ind act 3 sg	PROIEL MARK 8.25 (V-)
ἀπεκατεστάθη	ἀποκαθιστάνω	aor ind pass 3 sg	PROIEL LUKE 6.10 (V-)
ἀπεκεφάλισα	ἀποκεφαλίζω	aor ind act 1 sg	PROIEL LUKE 9.9 (V-)
ἀπεκεφάλισεν	ἀποκεφαλίζω	aor ind act 3 sg	PROIEL MARK 6.28 (V-)
ἀπεκύλισε	ἀποκυλίω	aor ind act 3 sg	PROIEL MATT 28.2 (V-)
ἀπεσταλμένοι	ἀποστέλλω	perf ptcp pass n nom pl	PROIEL REV 5.6 (V-)
ἀπεστείλαμεν	ἐπιστέλλω	aor ind act 1 pl	PROIEL ACTS 21.25 (V-)
ἀπηγγέλη	ἀπαγγέλλω	aor ind pass 3 sg	PROIEL LUKE 8.20 (V-)
ἀπηλλάχθαι	ἀπαλλάσσω	perf inf pass	PROIEL LUKE 12.58 (V-)
ἀπιστίας	ἀπιστία	f nom sg	PROIEL HEB 3.12 (Nb)
ἀποδεκατεύω	ἀποδεκατόω	pres ind act 1 sg	PROIEL LUKE 18.12 (V-)
ἀποδεκατοῖν	ἀποδεκατόω	pres inf act	PROIEL HEB 7.5 (V-)
ἀποδιδοῦν	ἀποδίδωμι	pres ptcp act m nom sg	PROIEL REV 22.2 (V-)
ἀποδὥσει	ἀποδίδωμι	fut ind act 3 sg	PROIEL 2TIM 4.14 (V-)
ἀποκαθιστάνεις	ἀποκαθιστάνω	pres ind act 2 sg	PROIEL ACTS 1.6 (V-)
ἀποκαταστήσει	ἀποκαθιστάνω	fut ind act 3 sg	PROIEL MATT 17.11 (V-)
ἀποκατιστάνει	ἀποκαθιστάνω	pres ind act 3 sg	PROIEL MARK 9.12 (V-)
ἀποκεκυλισμένον	ἀποκυλίω	perf ptcp pass m acc sg	PROIEL LUKE 24.2 (V-)
ἀποκρίθητε	ἀποκρίνω	aor imp pass 2 pl	PROIEL MARK 11.30 (V-)
ἀποκριθῆτε	ἀποκρίνω	aor imp pass 2 pl	PROIEL LUKE 22.68 (V-)
ἀποκτέννεσθαι	ἀποκτείνω	pres inf pass	PROIEL REV 6.11 (V-)
ἀποκτέννυντες	ἀποκτείνω	pres ptcp act m nom pl	PROIEL MARK 12.5 (V-)
ἀποκυλίσει	ἀποκυλίω	fut ind act 3 sg	PROIEL MARK 16.3 (V-)
ἀπολήμψεσθε	ἀπολαμβάνω	fut ind mid 2 pl	PROIEL COL 3.24 (V-)
ἀπολείπεται	ἀπολείπω	pres ind pass 3 sg	PROIEL HEB 10.26 (V-)
ἀποστάσιον	ἀποστάσιον	n acc sg	PROIEL MATT 5.31 (Nb)
ἀποστασίου	ἀποστάσιον	n gen sg	PROIEL MARK 10.4 (Nb)
ἀποστρέφοντα	ἀποστρέφω	pres ptcp act m acc pl	PROIEL LUKE 23.14 (V-)
ἀπροσωπολήμπτως	ἀπροσωπολήπτως		PROIEL 1PET 1.17 (Df)
ἀπόδεκτον	ἀπόδεκτος	n nom sg	PROIEL 1TIM 5.4 (A-)
ἀπόλουσαι	ἀπολύω	aor imp mid 2 sg	PROIEL ACTS 22.16 (V-)
ἀπώλετο	ἀπόλλυμι	aor ind mid 3 pl	PROIEL REV 18.14 (V-)
ἀρεσκίαν	ἀρεσκεία	f acc sg	PROIEL COL 1.10 (Nb)
ἀρετάς	ἀρετή	f acc sg	PROIEL 1PET 2.9 (Nb)
ἀρεῖ	ἀείρω	pres ind act 3 sg	PROIEL JOHN 16.22 (V-)
ἀρτέμωνα	ἀρτέμων	m acc sg	PROIEL ACTS 27.40 (Nb)
ἀρχιερατικοὖ	ἀρχιερατικός	m/n gen sg	PROIEL ACTS 4.6 (A-)
ἀρχιερεῖς	ἱερεύς	m nom pl	PROIEL ACTS 4.1 (Nb)
ἀσθένειαν	ἀσθένεια	f acc pl	PROIEL HEB 7.28 (Nb)
ἀφίδω	ἀφοράω	aor subj act 1 sg	PROIEL PHIL 2.23 (V-)
ἀφίομεν	ἀφίημι	pres ind act 1 pl	PROIEL LUKE 11.4 (V-)
ἀφίουσιν	ἀφίημι	pres ind act 3 pl	PROIEL REV 11.9 (V-)
ἀφανίσθητε	ἀφανίζω	aor imp pass 2 pl	PROIEL ACTS 13.41 (V-)
ἀφελεῖν	ἀφαιρέω	aor inf mid	PROIEL LUKE 1.25 (V-)
ἀφεῖναι	ἀφίημι	aor inf pass	PROIEL LUKE 5.21 (V-)
ἀφεῖς	ἀφίημι	pres ind act 2 sg	PROIEL REV 2.20 (V-)
ἀφορίσθητε	ἀφορίζω	aor imp pass 2 pl	PROIEL 2COR 6.17 (V-)
ἀφωμοιωμένος	ἀφομοιόω	pres ptcp pass m nom sg	PROIEL HEB 7.3 (V-)
ἀφωρισμένος	ἀφορίζω	aor ptcp pass m nom sg	PROIEL ROM 1.1 (V-)
ἀφῆκες	ἀφίημι	aor ind act 2 sg	PROIEL REV 2.4 (V-)
ἀὐτόν	αὐτός	m acc sg	PROIEL ACTS 13.46 (Pp)
ἁγνίᾳ	ἁγνεία	f dat sg	PROIEL 1TIM 5.2 (Nb)
ἁλεεῖς	ἁλιεύς	m acc pl	PROIEL MARK 1.17 (Nb)
ἁλεεῖς	ἁλιεύς	m nom pl	PROIEL LUKE 5.2 (Nb)
ἁμαρτήσει	ἁμαρτάνω	fut ind act 3 sg	PROIEL MATT 18.21 (V-)
ἄγγη	ἀγγεῖον	n acc pl	PROIEL MATT 13.48 (Nb)
ἄνθρωποι	ἄνθρωπος	m nom sg	PROIEL REV 16.18 (Nb)
ἄπιστος	ἄπιστος	f voc sg	PROIEL MARK 9.19 (A-)
ἄραγε	ἄραγε		PROIEL ACTS 17.27 (Df)
ἄραφος	ἄραφος	m nom sg	PROIEL JOHN 19.23 (A-)
ἄρκου	ἄρκος	f gen sg	PROIEL REV 13.2 (Nb)
ἄρνας	ἀρήν	m acc pl	PROIEL LUKE 10.3 (Nb)
ἄρξηται	ἄρχω	fut ind mid 3 sg	PROIEL LUKE 12.45 (V-)
ἄρτι	ἀπάρτι		PROIEL REV 14.13 (Df)
ἄφρων	ἄφρων	m voc sg	PROIEL 1COR 15.36 (A-)
ἅλα	ἅλας	n acc sg	PROIEL MARK 9.50 (Nb)
ἅπαντες	πᾶς	m nom pl	PROIEL LUKE 4.40 (Px)
ἅς	ὅς	f dat pl	PROIEL HEB 10.1 (Pr)
Ἀαρών	Ἀαρών		PROIEL HEB 9.4 (Ne)
Ἀβαδδών	Ἀβαδδών		PROIEL REV 9.11 (Ne)
Ἀββά	ἀββά		PROIEL GAL 4.6 (Nb)
Ἀβειληνῆς	Ἀβιληνή	f gen sg	PROIEL LUKE 3.1 (Ne)
Ἀβιά	Ἀβιά		PROIEL LUKE 1.5 (Ne)
Ἀβιάθαρ	Ἀβιαθάρ		PROIEL MARK 2.26 (Ne)
Ἀβιούδ	Ἀβιούδ		PROIEL MATT 1.13 (Ne)
Ἀγρίππα	Ἀγρίππας	m voc sg	PROIEL ACTS 26.27 (Ne)
Ἀδδεί	Ἀδδεί		PROIEL LUKE 3.28 (Ne)
Ἀδμείν	Ἀδμείν		PROIEL LUKE 3.33 (Ne)
Ἀζώρ	Ἀζώρ		PROIEL MATT 1.14 (Ne)
Ἀκμήν	ἀκμήν		PROIEL MATT 15.16 (Df)
Ἀκοῆ	ἀκοή	f dat sg	PROIEL ACTS 28.26 (Nb)
Ἀλεξανδρινόν	Ἀλεξανδρῖνος	n acc sg	PROIEL ACTS 27.6 (A-)
Ἀλεξανδρινῷ	Ἀλεξανδρῖνος	n dat sg	PROIEL ACTS 28.11 (A-)
Ἀμιναδάβ	Ἀμιναδάβ		PROIEL MATT 1.4 (Ne)
Ἀμπλιᾶτον	Ἀμπλιᾶτος	m acc sg	PROIEL ROM 16.8 (Nb)
Ἀνάστα	ἀνίστημι	aor imp act 2 sg	PROIEL ACTS 12.7 (V-)
Ἀνάστα	ἀνίστημι	aor ptcp act m nom sg	PROIEL ACTS 9.11 (V-)
Ἀνδρέαν	Ἀνδρέας	m acc sg	PROIEL LUKE 6.14 (Ne)
Ἀνδρέας	Ἀνδρέας	m nom sg	PROIEL ACTS 1.13 (Ne)
Ἀνδρέου	Ἀνδρέας	m gen sg	PROIEL MARK 1.29 (Ne)
Ἀνδρέᾳ	Ἀνδρέας	m dat sg	PROIEL JOHN 12.22 (Ne)
Ἀντίπας	Ἀντείπας	m nom sg	PROIEL REV 2.13 (Ne)
Ἀντιοχέα	Ἀντιοχεύς	m acc sg	PROIEL ACTS 6.5 (Nb)
Ἀντιοχείας	Ἀντιόχεια	f gen sg	PROIEL ACTS 14.19 (Ne)
Ἀντιοχείᾳ	Ἀντιόχεια	f dat sg	PROIEL 2TIM 3.11 (Ne)
Ἀντιόχειαν	Ἀντιόχεια	f acc sg	PROIEL GAL 2.11 (Ne)
Ἀπέσταλκαν	ἀποστέλλω	perf ind act 3 pl	PROIEL ACTS 16.36 (V-)
Ἀπολλωνίαν	Ἀπολλωνία	f acc sg	PROIEL ACTS 17.1 (Ne)
Ἀπολλύων	Ἀπολλύων	m nom sg	PROIEL REV 9.11 (Ne)
Ἀπολλώ	Ἀπολλῶς	m acc sg	PROIEL ACTS 19.1 (Ne)
Ἀπολλώ	Ἀπολλῶς	m gen sg	PROIEL 1COR 16.12 (Ne)
Ἀπολλών	Ἀπολλῶς	m acc sg	PROIEL TIT 3.13 (Nb)
Ἀπολλώς	Ἀπολλῶς	m nom sg	PROIEL 1COR 3.22 (Ne)
Ἀπφίᾳ	Ἀπφία	f dat sg	PROIEL PHILEM 1.2 (Nb)
Ἀράμ	Ἀράμ		PROIEL MATT 1.4 (Ne)
Ἀρνεί	Ἀρνεί		PROIEL LUKE 3.33 (Ne)
Ἀρτεμᾶν	Ἀρτεμᾶς	m acc sg	PROIEL TIT 3.12 (Ne)
Ἀρφαξάδ	Ἀρφαξάδ		PROIEL LUKE 3.36 (Ne)
Ἀσάφ	Ἀσάφ		PROIEL MATT 1.8 (Ne)
Ἀσήρ	Ἀσήρ		PROIEL REV 7.6 (Ne)
Ἀσύνκριτον	Ἀσύγκριτος	m acc sg	PROIEL ROM 16.14 (Nb)
Ἀτταλίαν	Ἀττάλεια	f acc sg	PROIEL ACTS 14.25 (Ne)
Ἀχείμ	Ἀχίμ		PROIEL MATT 1.14 (Ne)
Ἀἰγύπτῳ	Αἴγυπτος	f dat sg	PROIEL ACTS 7.17 (Ne)
Ἁδρίᾳ	Ἀδρίας	m dat sg	PROIEL ACTS 27.27 (Ne)
Ἁδραμυντηνῷ	Ἀδραμυττηνός	n dat sg	PROIEL ACTS 27.2 (A-)
Ἁκελδαμάχ	Ἁκελδαμάχ		PROIEL ACTS 1.19 (Ne)
Ἁλληλουιά	ἁλληλουϊά		PROIEL REV 19.6 (I-)
Ἁλφαίου	Ἁλφαῖος	m gen sg	PROIEL ACTS 1.13 (Ne)
Ἁνανία	Ἁνανίας	m voc sg	PROIEL ACTS 9.10 (Ne)
Ἁνανίαν	Ἁνανίας	m acc sg	PROIEL ACTS 9.12 (Ne)
Ἁνανίας	Ἁνανίας	m nom sg	PROIEL ACTS 24.1 (Ne)
Ἁρέτα	Ἁρέτας	m gen sg	PROIEL 2COR 11.32 (Ne)
Ἁριμαθαίας	Ἁριμαθαία	f gen sg	PROIEL JOHN 19.38 (Ne)
Ἁρμαγεδών	Ἁρμαγεδών		PROIEL REV 16.16 (Ne)
Ἄγαβος	Ἅγαβος	m nom sg	PROIEL ACTS 21.10 (Ne)
Ἄξιον	ἄξιος	m nom sg	PROIEL REV 5.12 (A-)
Ἄραβες	Ἄραψ	m nom pl	PROIEL ACTS 2.11 (Nb)
Ἄραγε	ἄραγε		PROIEL MATT 17.26 (Df)
Ἄσσον	Ἆσσος	f acc sg	PROIEL ACTS 20.14 (Ne)
Ἄφρων	ἄφρων	m voc sg	PROIEL LUKE 12.20 (A-)
Ἄψινθος	ἄψινθος	m nom sg	PROIEL REV 8.11 (Nb)
Ἅβελ	Ἅβελ		PROIEL HEB 12.24 (Ne)
Ἅγαρ	γάρ		PROIEL GAL 4.25 (Df)
Ἅγαρ	Ἁγάρ		PROIEL GAL 4.24 (Ne)
Ἅγια	ἅγιος	f nom sg	PROIEL HEB 9.3 (A-)
Ἅννα	Ἅννα	f nom sg	PROIEL LUKE 2.36 (Ne)
Ἅννα	Ἅννας	m gen sg	PROIEL LUKE 3.2 (Ne)
Ἅνναν	Ἅννας	m acc sg	PROIEL JOHN 18.13 (Ne)
Ἅννας	Ἅννας	m nom sg	PROIEL ACTS 4.6 (Ne)
Ἅφετε	ἀφίημι	aor imp act 2 pl	PROIEL MARK 14.6 (V-)
ἐάν	ἄν		PROIEL REV 13.15 (Df)
ἐάνπερ	ἐάνπερ		PROIEL HEB 3.14 (G-)
ἐβαπτίσαντο	βαπτίζω	aor ind pass 3 pl	PROIEL 1COR 10.2 (V-)
ἐβούλοντο	βουλεύω	impf ind mid 3 pl	PROIEL ACTS 5.33 (V-)
ἐβόησεν	ἀναβοάω	aor ind act 3 sg	PROIEL MATT 27.46 (V-)
ἐγένοντο	γίγνομαι	aor ind mid 3 sg	PROIEL REV 16.18 (V-)
ἐγγίζει	ἐγγίζω	pres ind act 3 sg	PROIEL LUKE 21.28 (V-)
ἐγγίζειν	ἐγγίζω	pres inf act	PROIEL ACTS 9.3 (V-)
ἐγγίζομεν	ἐγγίζω	pres ind act 1 pl	PROIEL HEB 7.19 (V-)
ἐγγίζοντες	ἐγγίζω	pres ptcp act m nom pl	PROIEL LUKE 15.1 (V-)
ἐγγίζοντι	ἐγγίζω	pres ptcp act m dat sg	PROIEL ACTS 22.6 (V-)
ἐγγίζοντος	ἐγγίζω	pres ptcp act m gen sg	PROIEL LUKE 19.37 (V-)
ἐγγίζουσαν	ἐγγίζω	pres ptcp act f acc sg	PROIEL HEB 10.25 (V-)
ἐγγίζουσιν	ἐγγίζω	pres ind act 3 pl	PROIEL MARK 11.1 (V-)
ἐγγίσαι	ἐγγίζω	aor inf act	PROIEL ACTS 23.15 (V-)
ἐγγίσαντος	ἐγγίζω	aor ptcp act m gen sg	PROIEL LUKE 18.40 (V-)
ἐγγίσας	ἐγγίζω	aor ptcp act m nom sg	PROIEL ACTS 21.33 (V-)
ἐγγίσατε	ἐγγίζω	aor imp act 2 pl	PROIEL JAS 4.8 (V-)
ἐγγίσει	ἐγγίζω	fut ind act 3 sg	PROIEL JAS 4.8 (V-)
ἐγγιζόντων	ἐγγίζω	pres ptcp act m gen pl	PROIEL ACTS 10.9 (V-)
ἐγγύτερον	ἐγγύς	comp	PROIEL ROM 13.11 (Df)
ἐγκατέλειπεν	ἐγκαταλείπω	aor ind act 3 sg	PROIEL 2TIM 4.10 (V-)
ἐγνωρίσθη	ἀναγνωρίζω	aor ind pass 3 sg	PROIEL ACTS 7.13 (V-)
ἐγνώκειτε	γιγνώσκω	perf ind act 2 pl	PROIEL JOHN 14.7 (V-)
ἐγνώκειτε	γιγνώσκω	plpf ind act 2 pl	PROIEL MATT 12.7 (V-)
ἐδολιοῦσαν	δολιόω	impf ind act 3 pl	PROIEL ROM 3.13 (V-)
ἐζώννυες	ζωννύω	impf ind act 2 sg	PROIEL JOHN 21.18 (V-)
ἐθαυμάσθη	θαυμάζω	aor ind act 3 sg	PROIEL REV 13.3 (V-)
ἐθελοθρησκίᾳ	ἐθελοθρησκία	f dat sg	PROIEL COL 2.23 (Nb)
ἐκάθητο	καθέζομαι	impf ind mid 3 sg	PROIEL JOHN 6.3 (V-)
ἐκάθισεν	καθίζω	perf ind act 3 sg	PROIEL MARK 11.2 (V-)
ἐκάλεσα	καλέω	pres ind act 3 sg	PROIEL MATT 2.15 (V-)
ἐκάμμυσαν	καμμύω	aor ind act 3 pl	PROIEL MATT 13.15 (V-)
ἐκέκραξα	ἐκκράζω	aor ind act 1 sg	PROIEL ACTS 24.21 (V-)
ἐκαθερίσθη	καθαρίζω	aor ind pass 3 sg	PROIEL MARK 1.42 (V-)
ἐκδύσαντες	ἐκδύω	aor ptcp act m nom pl	PROIEL LUKE 10.30 (V-)
ἐκεφαλίωσαν	κεφαλιόω	aor ind act 3 pl	PROIEL MARK 12.4 (V-)
ἐκεῖνον	ἐκεῖνος	m nom sg	PROIEL LUKE 18.14 (Pd)
ἐκζητήσεις	ζήτησις	f acc pl	PROIEL 1TIM 1.4 (Nb)
ἐκκέχυται	ἐκχέω	pres ind pass 3 sg	PROIEL ROM 5.5 (V-)
ἐκκαθάρατε	ἐκκαθαίρω	aor imp act 2 pl	PROIEL 1COR 5.7 (V-)
ἐκκαθάρῃ	ἐκκαθαίρω	aor subj act 3 sg	PROIEL 2TIM 2.21 (V-)
ἐκκεχυμένον	ἐκχέω	pres ptcp pass n nom sg	PROIEL LUKE 11.50 (V-)
ἐκλείποντος	ἐκλείπω	aor ptcp act m gen sg	PROIEL LUKE 23.45 (V-)
ἐκλεζαμένους	ἐκλέγω	aor ptcp mid m acc pl	PROIEL ACTS 15.22 (V-)
ἐκλεξαμένοις	ἐκλέγω	aor ptcp mid m acc pl	PROIEL ACTS 15.25 (V-)
ἐκραύγασαν	κραυγάζω	impf ind act 3 pl	PROIEL JOHN 19.12 (V-)
ἐκσῶσαι	ἐξωθέω	aor inf act	PROIEL ACTS 27.39 (V-)
ἐκχυννόμενον	ἐκχέω	pres ptcp pass n nom sg	PROIEL LUKE 22.20 (V-)
ἐκωλύομεν	κωλύω	aor ind act 3 pl	PROIEL LUKE 9.49 (V-)
ἐλεγμόν	ἔλεγχος	m acc sg	PROIEL 2TIM 3.16 (Nb)
ἐλεύκαναν	λευκαίνω	aor ind act 3 pl	PROIEL REV 7.14 (V-)
ἐλεᾶτε	ἐλέγχω	pres imp act 2 pl	PROIEL JUDE 1.22 (V-)
ἐλεᾶτε	ἐλεέω	pres imp act 2 pl	PROIEL JUDE 1.23 (V-)
ἐλεῶντος	ἐλεέω	pres ptcp act m gen sg	PROIEL ROM 9.16 (V-)
ἐλθεῖν	κατέρχομαι	aor inf act	PROIEL ACTS 19.1 (V-)
ἐλθοῦσα	εἰσέρχομαι	aor ptcp act f nom sg	PROIEL MARK 7.25 (V-)
ἐλθόντα	εἰσέρχομαι	aor ptcp act m acc sg	PROIEL MATT 17.25 (V-)
ἐλλογᾶται	ἐλλογέω	pres ind pass 3 sg	PROIEL ROM 5.13 (V-)
ἐλλόγα	ἐλλογέω	pres imp act 2 sg	PROIEL PHILEM 1.18 (V-)
ἐλωί	ἑλωΐ		PROIEL MARK 15.34 (F-)
ἐμεθύσθησαν	μεθύω	aor ind pass 3 pl	PROIEL REV 17.2 (V-)
ἐμνημόνευον	μνημονεύω	pres ind act 3 pl	PROIEL HEB 11.15 (V-)
ἐμπέσῃ	ἐμπίπτω	aor subj act 3 sg	PROIEL 1TIM 3.7 (V-)
ἐμπίπτουσιν	ἐμπίπτω	pres ind act 3 pl	PROIEL 1TIM 6.9 (V-)
ἐμπεπλησμένοι	ἐμπίμπλημι	perf ptcp pass m nom pl	PROIEL LUKE 6.25 (V-)
ἐμπεσεῖν	ἐμπίπτω	aor inf act	PROIEL HEB 10.31 (V-)
ἐμπεσοῦνται	ἐμπίπτω	fut ind mid 3 pl	PROIEL LUKE 6.39 (V-)
ἐμπεσόντος	ἐμπίπτω	aor ptcp act m gen sg	PROIEL LUKE 10.36 (V-)
ἐμπιπλῶν	ἐμπίμπλημι	pres ptcp act m nom sg	PROIEL ACTS 14.17 (V-)
ἐμπλησθῶ	ἐμπίμπλημι	aor subj pass 1 sg	PROIEL ROM 15.24 (V-)
ἐμωράνθησαν	μωραίνω	aor ind pass 3 pl	PROIEL ROM 1.22 (V-)
ἐμῇ	ἐμός	f nom sg	PROIEL PHILEM 1.19 (Ps)
ἐν	εἷς	n nom sg	PROIEL MARK 4.20 (Ma)
ἐνέβημεν	ἀναβαίνω	aor ind act 1 pl	PROIEL ACTS 21.6 (V-)
ἐνέπλησεν	ἐμπίμπλημι	aor ind act 3 sg	PROIEL LUKE 1.53 (V-)
ἐνέπρησεν	ἐμπίπρημι	aor ind act 3 sg	PROIEL MATT 22.7 (V-)
ἐνέτυχεν	ἐντυγχάνω	aor ind act 3 pl	PROIEL ACTS 25.24 (V-)
ἐνίψατο	νίπτω	aor ind mid 3 sg	PROIEL JOHN 9.7 (V-)
ἐναντίον	ἔναντι		PROIEL ACTS 7.10 (R-)
ἐνδύνοιτες	ἐνδύω	pres ptcp act m nom pl	PROIEL 2TIM 3.6 (V-)
ἐνδύσασθαι	ἐνδύω	aor subj mid 2 pl	PROIEL MARK 6.9 (V-)
ἐνδύσατε	ἐνδύω	aor imp act 2 pl	PROIEL LUKE 15.22 (V-)
ἐνεκεντρίσθης	ἐγκεντρίζω	aor ind pass 2 sg	PROIEL ROM 11.24 (V-)
ἐνενήκοντα	ἐνενήκοντα ἐννέα		PROIEL MATT 18.13 (Ma)
ἐνεπλήσθησαν	ἐμπίμπλημι	aor ind pass 3 pl	PROIEL JOHN 6.12 (V-)
ἐνισχύθη	ἐνισχύω	aor ind act 3 sg	PROIEL ACTS 9.19 (V-)
ἐνισχύων	ἐνισχύω	pres ptcp act m nom sg	PROIEL LUKE 22.43 (V-)
ἐνιψάμην	νίπτω	aor ind mid 1 sg	PROIEL JOHN 9.15 (V-)
ἐνκαίνια	ἐγκαίνια	n nom pl	PROIEL JOHN 10.22 (Nb)
ἐνκαθέτους	ἐγκάθετος	m acc pl	PROIEL LUKE 20.20 (A-)
ἐνκαταλείψεις	ἐγκαταλείπω	fut ind act 2 sg	PROIEL ACTS 2.27 (V-)
ἐνκατελείφθη	ἐγκαταλείπω	aor ind pass 3 sg	PROIEL ACTS 2.31 (V-)
ἐνκεντρίσαι	ἐγκεντρίζω	aor inf act	PROIEL ROM 11.23 (V-)
ἐνκεντρισθήσονται	ἐγκεντρίζω	fut ind pass 3 pl	PROIEL ROM 11.24 (V-)
ἐνκεντρισθῶ	ἐγκεντρίζω	aor subj pass 1 sg	PROIEL ROM 11.19 (V-)
ἐνκοπήν	ἐγκοπή	f acc sg	PROIEL 1COR 9.12 (Nb)
ἐνκύῳ	ἔγκυος	f dat sg	PROIEL LUKE 2.5 (A-)
ἐνπεριπατήσω	ἐμπεριπατέω	fut ind act 1 sg	PROIEL 2COR 6.16 (V-)
ἐντραπήσονται	ἐντρέπω	fut ind mid 3 pl	PROIEL LUKE 20.13 (V-)
ἐνόντα	ἔνειμι#1	pres ptcp act n acc pl	PROIEL LUKE 11.41 (V-)
ἐνώπιον	ἐνώπιον		PROIEL REV 20.12 (R-)
ἐξέδετο	ἐκδίδωμι	aor ind mid 3 sg	PROIEL LUKE 20.9 (V-)
ἐξέμασσεν	ἐκμάσσω	aor ind act 3 sg	PROIEL LUKE 7.38 (V-)
ἐξέπεσαν	ἐκπίπτω	aor ind act 3 pl	PROIEL ACTS 12.7 (V-)
ἐξέφνης	ἐξαίφνης		PROIEL ACTS 9.3 (Df)
ἐξέψυξͅεν	ἐκψύχω	aor ind act 3 sg	PROIEL ACTS 12.23 (V-)
ἐξήγειρα	ἐξεγείρω	aor ind pass 1 sg	PROIEL ROM 9.17 (V-)
ἐξήλθατε	ἐξέρχομαι	perf ind act 2 pl	PROIEL LUKE 22.52 (V-)
ἐξήρχετο	ἐξέρχομαι	impf ind mid 3 pl	PROIEL LUKE 4.41 (V-)
ἐξαγαγέτωσαν	ἐξάγω	aor imp act 3 pl	PROIEL ACTS 16.37 (V-)
ἐξαλιφθῆναι	ἐξαλείφω	aor inf pass	PROIEL ACTS 3.19 (V-)
ἐξεθαμβήθησαν	ἐκθαμβέω	aor ind pass 3 pl	PROIEL MARK 16.5 (V-)
ἐξεκέντησαν	ἐκκεντέω	aor ind act 3 pl	PROIEL REV 1.7 (V-)
ἐξεκλάσθησαν	ἐκκλάω	aor ind pass 3 pl	PROIEL ROM 11.20 (V-)
ἐξεκρέμετο	ἐκκρεμάννυμι	impf ind mid 3 sg	PROIEL LUKE 19.48 (V-)
ἐξενοδόχησεν	ξενοδοχέω	aor ind act 3 sg	PROIEL 1TIM 5.10 (V-)
ἐξεπέσατε	ἐκπίπτω	aor ind act 2 pl	PROIEL GAL 5.4 (V-)
ἐξεπήδησαν	εἰσπηδάω	aor ind act 3 pl	PROIEL ACTS 14.14 (V-)
ἐξεπλήσσετο	ἐκπλήσσω	impf ind pass 3 pl	PROIEL MARK 11.18 (V-)
ἐξεχύννετο	ἐκχέω	impf ind pass 3 sg	PROIEL ACTS 22.20 (V-)
ἐξηραύνησαν	ἐξερευνάω	aor ind act 3 pl	PROIEL 1PET 1.10 (V-)
ἐξιστάνων	ἐξίστημι	pres ptcp act m nom sg	PROIEL ACTS 8.9 (V-)
ἐξολεθρευθήσεται	ἐξολεθρεύω	fut ind pass 2 sg	PROIEL ACTS 3.23 (V-)
ἐξομολογησομαί	ἐξομολογέω	fut ind mid 1 sg	PROIEL ROM 15.9 (V-)
ἐξουδενηθῇ	ἐξουθενέω	pres subj act 3 sg	PROIEL MARK 9.12 (V-)
ἐπάναγκες	ἐπάναγκες		PROIEL ACTS 15.28 (Df)
ἐπέλειχον	ἐπιλείχω	impf ind act 3 pl	PROIEL LUKE 16.21 (V-)
ἐπέπεσαν	ἐπιπίπτω	aor ind act 3 pl	PROIEL ROM 15.3 (V-)
ἐπέσπειρεν	σπείρω	aor ind act 3 sg	PROIEL MATT 13.25 (V-)
ἐπέσχεν	ἐπέχω	aor ind act 3 sg	PROIEL ACTS 19.22 (V-)
ἐπέχοντες	ἐπέχω	pres ptcp act m nom pl	PROIEL PHIL 2.16 (V-)
ἐπέχων	ἐπέχω	pres ptcp act m nom sg	PROIEL LUKE 14.7 (V-)
ἐπίπρασκον	πέρνημι	impf ind act 3 pl	PROIEL ACTS 2.45 (V-)
ἐπαγγελίας	ἐπαγγελία	f acc sg	PROIEL HEB 11.13 (Nb)
ἐπαναπαήσεται	ἐπαναπαύομαι	fut ind mid 3 sg	PROIEL LUKE 10.6 (V-)
ἐπαρκείτω	ἐπαρκέω	pres imp pass 3 sg	PROIEL 1TIM 5.16 (V-)
ἐπαρχείᾳ	ἐπαρχεῖος	f dat sg	PROIEL ACTS 25.1 (A-)
ἐπείρασαν	ἐκπειράζω	aor ind act 3 pl	PROIEL 1COR 10.9 (V-)
ἐπείρασεν	πειράζω	impf ind act 3 sg	PROIEL 1THESS 3.5 (V-)
ἐπειδή	ἐπειδή		PROIEL PHIL 2.26 (G-)
ἐπεισελεύσεται	ἐπέρχομαι	fut ind mid 3 sg	PROIEL LUKE 21.35 (V-)
ἐπενδύσασθαι	ἐπενδύω	aor inf mid	PROIEL 2COR 5.4 (V-)
ἐπετίμα	ἐπιτιμέω	impf ind act 3 sg	PROIEL MARK 3.12 (V-)
ἐπετίμησαν	ἐπιτιμέω	aor ind act 3 pl	PROIEL MATT 19.13 (V-)
ἐπετίμησαν	ἐπιτιμέω	impf ind act 3 pl	PROIEL MARK 10.13 (V-)
ἐπετίμησεν	ἐπιτιμέω	aor ind act 3 sg	PROIEL LUKE 9.55 (V-)
ἐπετίμων	ἐπιτιμέω	impf ind act 3 pl	PROIEL LUKE 18.39 (V-)
ἐπεῖδεν	ἐφοράω	aor ind act 3 sg	PROIEL LUKE 1.25 (V-)
ἐπεῖχεν	ἐπέχω	impf ind act 3 sg	PROIEL ACTS 3.5 (V-)
ἐπηκροῶντο	ἐπακροάομαι	impf ind mid 3 pl	PROIEL ACTS 16.25 (V-)
ἐπιβάντες	ἐπιβαίνω	aor ptcp act m nom sg	PROIEL ACTS 27.2 (V-)
ἐπιεικίας	ἐπιείκεια	f gen sg	PROIEL 2COR 10.1 (Nb)
ἐπιεικίᾳ	ἐπιείκεια	f dat sg	PROIEL ACTS 24.4 (Nb)
ἐπικράνθησαν	πικραίνω	aor ind pass 3 pl	PROIEL REV 8.11 (V-)
ἐπιμένω	ἐπιμένω	fut ind act 1 sg	PROIEL 1COR 16.8 (V-)
ἐπιπόθειαν	ἐπιποθία	f acc sg	PROIEL ROM 15.23 (Nb)
ἐπιρίψαντες	ἐπιρρίπτω	aor ptcp act m nom pl	PROIEL LUKE 19.35 (V-)
ἐπιτίμησον	ἐπιτιμέω	aor imp act 2 sg	PROIEL 2TIM 4.2 (V-)
ἐπιτιμήσας	ἐπιτιμέω	aor ptcp act m nom sg	PROIEL LUKE 9.21 (V-)
ἐπιτιμᾷν	ἐπιτιμέω	pres inf act	PROIEL MARK 8.32 (V-)
ἐπιτιμῶν	ἐπιτιμέω	pres ptcp act m nom sg	PROIEL LUKE 23.40 (V-)
ἐπιφαύσει	ἐπιφαύσκω	fut ind act 3 sg	PROIEL EPH 5.14 (V-)
ἐπορεύθησαν	πορεύομαι	aor ind pass 3 sg	PROIEL JOHN 7.53 (V-)
ἐπορεύοντο	παραπορεύομαι	impf ind mid 3 pl	PROIEL MARK 9.30 (V-)
ἐπράθη	πέρνημι	aor ind pass 3 sg	PROIEL JOHN 12.5 (V-)
ἐπύθοντο	πυνθάνομαι	impf ind mid 3 pl	PROIEL ACTS 10.18 (V-)
ἐπῆρεν	ἐπαίρω	perf ind act 3 sg	PROIEL JOHN 13.18 (V-)
ἐραυνῶν	ἐρευνάω	pres ptcp act m nom sg	PROIEL REV 2.23 (V-)
ἐραυνῶντες	ἐρευνάω	pres ptcp act m nom pl	PROIEL 1PET 1.11 (V-)
ἐριθία	ἐριθεία	f nom sg	PROIEL JAS 3.16 (Nb)
ἐριθίαι	ἐριθεία	f nom pl	PROIEL GAL 5.20 (Nb)
ἐριθίαν	ἐριθεία	f acc sg	PROIEL JAS 3.14 (Nb)
ἐριθίας	ἐριθεία	f gen sg	PROIEL PHIL 1.17 (Nb)
ἐριμμένοι	ῥίπτω	perf ptcp pass m nom pl	PROIEL MATT 9.36 (V-)
ἐρρέθη	λέγω	aor ind pass 3 sg	PROIEL REV 9.4 (V-)
ἐρρέθησαν	λέγω	aor ind pass 3 pl	PROIEL GAL 3.16 (V-)
ἐσήμαινεν	σημαίνω	aor ind act 3 sg	PROIEL ACTS 11.28 (V-)
ἐσθήσεσι	ἐσθής	f dat pl	PROIEL ACTS 1.10 (Nb)
ἐσπιλωμένον	σπιλόω	perf ptcp pass m acc pl	PROIEL JUDE 1.23 (V-)
ἐστάθη	ἵστημι	aor ind pass 1 sg	PROIEL REV 12.18 (V-)
ἐστίν	εἰμί#1	fut ind mid 3 sg	PROIEL MATT 20.26 (V-)
ἐστιν	εἰμί#1	fut ind mid 3 sg	PROIEL JOHN 14.17 (V-)
ἐστρωμένον	στρωννύω	perf ptcp pass n acc sg	PROIEL LUKE 22.12 (V-)
ἐστρώννυον	στρωννύω	aor ind act 3 pl	PROIEL MATT 21.8 (V-)
ἐτἵθεσαν	τίθημι	impf ind act 3 pl	PROIEL MARK 6.56 (V-)
ἐφεστῶτα	ἐφίστημι	perf ptcp act m gen sg	PROIEL ACTS 28.2 (V-)
ἐφνίδιος	αἰφνίδιος	f nom sg	PROIEL LUKE 21.34 (A-)
ἐφορέσαμεν	φορέω	aor ind act 1 pl	PROIEL 1COR 15.49 (V-)
ἑαυτήν	αὐτός	f acc sg	PROIEL REV 2.20 (Pp)
ἑαυτούς	ἑαυτοῦ	m acc sg	PROIEL HEB 12.3 (Pk)
ἑαυτοῦ	αὐτός	m gen sg	PROIEL JAS 1.26 (Pp)
ἑαυτῶν	αὐτός	m gen pl	PROIEL MATT 25.1 (Pp)
ἑκατόνταρχον	ἑκατοντάρχης	m acc sg	PROIEL ACTS 22.25 (Nb)
ἑκατόνταρχος	ἑκατοντάρχης	m nom sg	PROIEL MATT 27.54 (Nb)
ἑλκύσω	ἕλκω	fut ind act 1 sg	PROIEL JOHN 12.32 (V-)
ἑλπίδι	ἐλπίς	f dat sg	PROIEL ROM 8.20 (Nb)
ἑρμηνία	ἑρμηνεία	f nom sg	PROIEL 1COR 12.10 (Nb)
ἑρμηνίαν	ἑρμηνεία	f acc sg	PROIEL 1COR 14.26 (Nb)
ἑστηκός	ἵστημι	perf ptcp act m nom sg	PROIEL REV 5.6 (V-)
ἑόρακαν	ὁράω	perf ind act 3 pl	PROIEL COL 2.1 (V-)
ἑώρακαν	ὁράω	perf ind act 3 pl	PROIEL LUKE 9.36 (V-)
ἔβαλεν	βάλλω	perf ind act 3 sg	PROIEL MARK 12.43 (V-)
ἔβρυχον	βρύχω	impf ind act 3 pl	PROIEL ACTS 7.54 (V-)
ἔγειρε	ἐγείρω	pres imp mid 2 sg	PROIEL LUKE 8.54 (V-)
ἔγνωκαν	γιγνώσκω	perf ind act 3 pl	PROIEL JOHN 17.7 (V-)
ἔγνωσαν	ἐπιγιγνώσκω	aor ind act 3 pl	PROIEL MARK 6.33 (V-)
ἔδωκα	δίδωμι	perf ind act 1 sg	PROIEL JOHN 13.15 (V-)
ἔδωκας	δίδωμι	perf ind act 2 sg	PROIEL JOHN 17.7 (V-)
ἔδωκεν	δίδωμι	perf ind act 3 sg	PROIEL JOHN 7.19 (V-)
ἔθηκεν	κατατίθημι	aor ind act 3 sg	PROIEL MARK 15.46 (V-)
ἔθηκεν	ἐπιτίθημι	aor ind act 3 sg	PROIEL MARK 8.25 (V-)
ἔκαστος	ἕκαστος	m nom sg	PROIEL LUKE 2.3 (A-)
ἔκραξαν	κράζω	impf ind act 3 pl	PROIEL REV 18.19 (V-)
ἔλεγον	λέγω	impf ind act 3 sg	PROIEL MARK 6.14 (V-)
ἔμενεν	μένω	aor ind act 3 sg	PROIEL JOHN 10.40 (V-)
ἔμιξεν	μείγνυμι	aor ind act 3 sg	PROIEL LUKE 13.1 (V-)
ἔνθεν	ἐνθάδε		PROIEL MATT 17.20 (Df)
ἔνι	ἔνι	pres ind act 3 sg	PROIEL JAS 1.17 (V-)
ἔνιψα	νίπτω	aor ind act 1 sg	PROIEL JOHN 13.14 (V-)
ἔνιψεν	νίπτω	aor ind act 3 sg	PROIEL 1TIM 5.10 (V-)
ἔντος	ἐντός		PROIEL MATT 23.26 (R-)
ἔπεσα	πίπτω	aor ind act 1 sg	PROIEL REV 22.8 (V-)
ἔπεσαν	πίπτω	aor ind act 3 pl	PROIEL REV 19.4 (V-)
ἔπεχε	ἐπέχω	pres imp act 2 sg	PROIEL 1TIM 4.16 (V-)
ἔπιδε	ἐφοράω	pres imp act 2 sg	PROIEL ACTS 4.29 (V-)
ἔπλυνον	πλύνω	aor ind act 3 pl	PROIEL LUKE 5.2 (V-)
ἔρχονται	ἔρχομαι	pres ind mid 3 sg	PROIEL MARK 3.31 (V-)
ἔσεσθαι	εἰμί#1	aor inf mid	PROIEL ACTS 24.15 (V-)
ἔσθητε	ἐσθίω	pres subj act 2 pl	PROIEL LUKE 22.30 (V-)
ἔσθοντες	ἐσθίω	pres ptcp act m nom pl	PROIEL LUKE 10.7 (V-)
ἔσθων	ἐσθίω	pres ptcp act m nom sg	PROIEL LUKE 7.34 (V-)
ἔσληκεν	ἔχω	perf ind act 3 sg	PROIEL 2COR 7.5 (V-)
ἔστηκεν	ἵστημι	perf ind act 3 sg	PROIEL REV 12.4 (V-)
ἔστιν	ἔξεστι	pres ind act 3 sg	PROIEL MATT 15.26 (V-)
ἔστρωσαν	στρωννύω	aor ind act 3 pl	PROIEL MARK 11.8 (V-)
ἔσωθεν	ἔξωθεν		PROIEL LUKE 11.39 (R-)
ἔταξαν	τάσσω	aor ind act 3 sg	PROIEL 1COR 16.15 (V-)
ἔχοντες	ἔχω	aor ptcp act m nom pl	PROIEL HEB 5.12 (V-)
ἔχωθεν	ἔσωθεν		PROIEL 2COR 7.5 (Df)
ἕλιγμα	μίγμα	n acc sg	PROIEL JOHN 19.39 (Nb)
Ἐβραΐδι	Ἑβραΐς	f dat sg	PROIEL ACTS 26.14 (A-)
Ἐβραίους	Ἑβραῖος	m acc pl	PROIEL ACTS 6.1 (A-)
Ἐβραίων	Ἑβραῖος	m gen pl	PROIEL PHIL 3.5 (A-)
Ἐβραϊστί	ἑβραϊστί		PROIEL REV 16.16 (Df)
Ἐβραῖοι	Ἑβραῖος	m nom pl	PROIEL 2COR 11.22 (A-)
Ἐβραῖος	Ἑβραῖος	m nom sg	PROIEL PHIL 3.5 (A-)
Ἐγέρθητε	ἐγείρω	aor imp pass 2 pl	PROIEL MATT 17.7 (V-)
Ἐγείρου	ἐγείρω	pres imp act 2 sg	PROIEL MARK 2.9 (V-)
Ἐκφοβός	ἔκφοβος	m nom sg	PROIEL HEB 12.21 (A-)
Ἐλαμεῖται	Ἐλαμείτης	m nom pl	PROIEL ACTS 2.9 (Nb)
Ἐλεάζαρ	Ἐλεάζαρ		PROIEL MATT 1.15 (Ne)
Ἐλεισάβετ	Ἐλισάβετ		PROIEL LUKE 1.57 (Ne)
Ἐλιέζερ	Ἐλιέζερ		PROIEL LUKE 3.29 (Ne)
Ἐλιακείμ	Ἐλιακίμ		PROIEL MATT 1.13 (Ne)
Ἐλιακείμ	Ἐλιακείμ		PROIEL LUKE 3.30 (Ne)
Ἐλιούδ	Ἐλιούδ		PROIEL MATT 1.15 (Ne)
Ἐλισαίου	Ἐλισαῖος	m gen sg	PROIEL LUKE 4.27 (Ne)
Ἐλμαδάμ	Ἐλμαδάμ		PROIEL LUKE 3.28 (Ne)
Ἐλωί	ἑλωΐ		PROIEL MARK 15.34 (F-)
Ἐλύμας	Ἐλύμας	m nom sg	PROIEL ACTS 13.8 (Ne)
Ἐμμανουήλ	Ἐμμανουήλ		PROIEL MATT 1.23 (Ne)
Ἐντραπήσονται	ἐντρέπω	fut ind mid 3 pl	PROIEL MARK 12.6 (V-)
Ἐνώς	Ἐνώς		PROIEL LUKE 3.38 (Ne)
Ἐξεκλάσθησαν	ἐκκλάω	aor ind pass 3 pl	PROIEL ROM 11.19 (V-)
Ἐπαφρᾶ	Ἐπαφρᾶς	m gen sg	PROIEL COL 1.7 (Ne)
Ἐπαφρᾶς	Ἐπαφρᾶς	m nom sg	PROIEL PHILEM 1.23 (Ne)
Ἐπειδή	ἐπειδή		PROIEL ACTS 15.24 (G-)
Ἐπειδήπερ	ἐπειδήπερ		PROIEL LUKE 1.1 (G-)
Ἐπικουρίων	Ἐπικούρειος	gen pl	PROIEL ACTS 17.18 (Nb)
Ἐρρέθη	λέγω	aor ind pass 3 sg	PROIEL MATT 5.31 (V-)
Ἐσλεί	Ἐσλεί		PROIEL LUKE 3.25 (Ne)
Ἐφραίμ	Ἐφραίμ		PROIEL JOHN 11.54 (Ne)
Ἐφφαθά	ἐφφαθά		PROIEL MARK 7.34 (F-)
Ἑζεκίαν	Ἑζεκίας	m acc sg	PROIEL MATT 1.9 (Ne)
Ἑζεκίας	Ἑζεκίας	m nom sg	PROIEL MATT 1.10 (Ne)
Ἑλληνιστάς	Ἕλλην	m acc pl	PROIEL ACTS 11.20 (Nb)
Ἑμμώρ	Ἑμμώρ		PROIEL ACTS 7.16 (Ne)
Ἑνώχ	Ἑνώχ		PROIEL HEB 11.5 (Ne)
Ἑρμᾶν	Ἑρμᾶς	m acc sg	PROIEL ROM 16.14 (Nb)
Ἑσρώμ	Ἑσρώμ		PROIEL MATT 1.3 (Ne)
Ἑσρών	Ἑσρώμ		PROIEL LUKE 3.33 (Ne)
Ἔβερ	Ἔβερ		PROIEL LUKE 3.35 (Ne)
ἠδυνάσθη	δύναμαι	aor ind pass 3 sg	PROIEL MARK 7.24 (V-)
ἠδύναντο	δύναμαι	impf ind mid 3 pl	PROIEL JOHN 12.39 (V-)
ἠδύνατο	δύναμαι	impf ind mid 3 sg	PROIEL JOHN 9.33 (V-)
ἠκολούθησεν	ἀκολουθέω	impf ind act 3 sg	PROIEL MATT 9.9 (V-)
ἠνεῳγμένη	ἀνοίγνυμι	perf ptcp pass f nom sg	PROIEL REV 4.1 (V-)
ἠνεῳγμένην	ἀνοίγνυμι	perf ptcp pass f acc sg	PROIEL REV 3.8 (V-)
ἠνεῳγμένον	ἀνοίγνυμι	perf ptcp pass m acc sg	PROIEL REV 19.11 (V-)
ἠνεῳγμένον	ἀνοίγνυμι	perf ptcp pass n acc sg	PROIEL REV 10.8 (V-)
ἠξίωται	ἀξιόω	aor ind pass 3 sg	PROIEL HEB 3.3 (V-)
ἠχοῦς	ἦχος	n gen sg	PROIEL LUKE 21.25 (Nb)
ἠχρεώθησαν	ἀχρειόω	aor ind pass 3 pl	PROIEL ROM 3.12 (V-)
ἡ	εἰμί#1	pres subj act 3 sg	PROIEL MATT 6.4 (V-)
ἡμέραις	ἡμέρα	f acc pl	PROIEL LUKE 1.75 (Nb)
ἡμέτερον	ὑμέτερος	n acc sg	PROIEL LUKE 16.12 (Ps)
ἡμίσια	ἥμισυς	n acc pl	PROIEL LUKE 19.8 (A-)
ἡμίωρον	ἡμίωρον	n acc sg	PROIEL REV 8.1 (Nb)
ἡμεῖς	ὑμεῖς	m nom pl	PROIEL GAL 4.28 (Pp)
ἡμᾶς	ὑμεῖς	m acc pl	PROIEL ROM 15.7 (Pp)
ἡμῖν	ὑμεῖς	m dat pl	PROIEL HEB 7.26 (Pp)
ἡμῶν	ὑμεῖς	m gen pl	PROIEL HEB 9.14 (Pp)
ἤγγιζεν	ἐγγίζω	impf ind act 3 sg	PROIEL ACTS 7.17 (V-)
ἤγγικεν	ἐγγίζω	aor ind act 3 sg	PROIEL MARK 14.42 (V-)
ἤγγικεν	ἐγγίζω	perf ind act 3 sg	PROIEL JAS 5.8 (V-)
ἤγγισαν	ἐγγίζω	aor ind act 3 pl	PROIEL LUKE 24.28 (V-)
ἤγγισεν	ἐγγίζω	aor ind act 3 sg	PROIEL PHIL 2.30 (V-)
ἤθελεν	ἐθέλω	aor ind act 3 sg	PROIEL MARK 7.24 (V-)
ἤκουεν	ἀκούω	aor ind act 3 sg	PROIEL ACTS 14.9 (V-)
ἤκουσεν	ἀκούω	impf ind act 3 pl	PROIEL ACTS 2.6 (V-)
ἤλθεν	ἔρχομαι	aor ind act 3 sg	PROIEL ACTS 20.2 (V-)
ἤμεθα	εἰμί#1	impf ind mid 1 pl	PROIEL EPH 2.3 (V-)
ἤπερ	ἤπερ		PROIEL JOHN 12.43 (Df)
ἤφιεν	ἀφίημι	impf ind act 3 sg	PROIEL MARK 11.16 (V-)
ἥδιστα	ἡδέως	sup	PROIEL 2COR 12.15 (Df)
ἥν	εἰμί#1	impf ind act 3 sg	PROIEL ROM 16.17 (V-)
ἥτις	τὶς	m/f nom sg	PROIEL 1COR 7.13 (Px)
ἦγεν	ἄγω	aor ind act 3 sg	PROIEL ACTS 5.26 (V-)
ἦλθεν	εἰσέρχομαι	aor ind act 3 sg	PROIEL ACTS 18.7 (V-)
ἦν	ὁ	f acc sg	PROIEL JOHN 1.44 (S-)
ἦρεν	ἀείρω	aor ind act 3 pl	PROIEL JOHN 19.38 (V-)
ἦς	εἰμί#1	impf ind act 2 sg	PROIEL REV 3.15 (V-)
ἦσθα	εἰμί#1	impf ind mid 2 sg	PROIEL MARK 14.67 (V-)
Ἠλεία	Ἡλίας	m gen sg	PROIEL LUKE 1.17 (Ne)
Ἠλείαν	Ἡλίας	m acc sg	PROIEL LUKE 9.19 (Ne)
Ἠλείας	Ἡλίας	m nom sg	PROIEL JAS 5.17 (Ne)
Ἠλείου	Ἡλίας	m gen sg	PROIEL LUKE 4.25 (Ne)
Ἠλείᾳ	Ἡλίας	m dat sg	PROIEL ROM 11.2 (Ne)
Ἠσαίαν	Ἠσαΐας	m acc sg	PROIEL ACTS 8.30 (Ne)
Ἠσαίας	Ἠσαΐας	m nom sg	PROIEL ROM 15.12 (Nb)
Ἠσαίου	Ἠσαΐας	m gen sg	PROIEL ACTS 28.25 (Ne)
Ἠσαίᾳ	Ἠσαΐας	m dat sg	PROIEL MARK 1.2 (Ne)
Ἠσαῦ	Ἠσαῦ		PROIEL HEB 12.16 (Ne)
Ἡδέ	δέ		PROIEL MARK 15.47 (Df)
Ἡλεί	Ἡλεί		PROIEL LUKE 3.23 (Ne)
Ἡρῳδίωνα	Ἡρῳδίων	m acc sg	PROIEL ROM 16.11 (Nb)
Ἡρῳδιάδα	Ἡρῳδιάς	f acc sg	PROIEL MARK 6.17 (Ne)
Ἡρῳδιάδος	Ἡρῳδιάς	f gen sg	PROIEL LUKE 3.19 (Ne)
Ἡρῳδιάς	Ἡρῳδιάς	f nom sg	PROIEL MARK 6.19 (Ne)
Ἡρῳδιανῶν	Ἡρῳδιανοί	m gen pl	PROIEL MARK 12.13 (Nb)
Ἡρῴδην	Ἡρῴδης	m acc sg	PROIEL LUKE 23.7 (Ne)
Ἡρῴδης	Ἡρῴδης	m nom sg	PROIEL ACTS 12.21 (Ne)
Ἡρῴδου	Ἡρῴδης	m gen sg	PROIEL ACTS 23.35 (Ne)
Ἡρῴδῃ	Ἡρῴδης	m dat sg	PROIEL MARK 6.22 (Ne)
Ἤγγιζεν	ἐγγίζω	impf ind act 3 sg	PROIEL LUKE 22.1 (V-)
Ἤγγικεν	ἐγγίζω	perf ind act 3 sg	PROIEL LUKE 10.9 (V-)
Ἤιδει	οἶδα	plpf ind act 3 sg	PROIEL JOHN 6.64 (V-)
Ἤρ	Ἤρ		PROIEL LUKE 3.28 (Ne)
Ἥ	ἤ		PROIEL LUKE 15.8 (C-)
Ἥδιστα	ἡδέως	sup	PROIEL 2COR 12.9 (Df)
ἰδεῖν	ὁράω	aor ind act 1 sg	PROIEL ACTS 22.18 (V-)
ἱβριστήν	ὑβριστής	m acc sg	PROIEL 1TIM 1.13 (Nb)
ἱερατίαν	ἱερατεία	f acc sg	PROIEL HEB 7.5 (Nb)
ἱερατίας	ἱερατεία	f gen sg	PROIEL LUKE 1.9 (Nb)
ἱκετηρίας	ἱκετηρία	f acc pl	PROIEL HEB 5.7 (Nb)
ἱμῶν	ὑμεῖς	m gen pl	PROIEL PHILEM 1.22 (Pp)
ἱνατί	ἱνατί		PROIEL LUKE 13.7 (Du)
ἱστάνομεν	ἵστημι	pres ind act 1 pl	PROIEL ROM 3.31 (V-)
ἱστήκει	ἵστημι	plpf ind act 3 sg	PROIEL JOHN 20.11 (V-)
ἱστήκεισαν	ἵστημι	plpf ind act 3 pl	PROIEL REV 7.11 (V-)
ἴαται	ἰάομαι	perf ind pass 3 sg	PROIEL MARK 5.29 (V-)
ἴδῃ	οἶδα	perf subj act 3 sg	PROIEL JOHN 8.56 (V-)
ἴνα	ἵνα		PROIEL LUKE 16.24 (G-)
ἴσχυσεν	ἰσχύω	aor ind act 3 pl	PROIEL REV 12.8 (V-)
ἵνα	ἱνατί		PROIEL MATT 27.46 (Du)
Ἰάειρος	Ἰάϊρος	m nom sg	PROIEL LUKE 8.41 (Ne)
Ἰάρετ	Ἰάρετ		PROIEL LUKE 3.37 (Ne)
Ἰακώβ	Ἰακώβ		PROIEL HEB 11.21 (Ne)
Ἰαμβρῆς	Ἰαμβρῆς	m nom sg	PROIEL 2TIM 3.8 (Ne)
Ἰανναί	Ἰανναί		PROIEL LUKE 3.24 (Ne)
Ἰαννῆς	Ἰάννης	m nom sg	PROIEL 2TIM 3.8 (Ne)
Ἰεζάβελ	Ἰεζάβελ		PROIEL REV 2.20 (Ne)
Ἰερειχώ	Ἰεριχώ		PROIEL HEB 11.30 (Ne)
Ἰερεμίαν	Ἰερεμίας	m acc sg	PROIEL MATT 16.14 (Ne)
Ἰερεμίου	Ἰερεμίας	m gen sg	PROIEL MATT 27.9 (Ne)
Ἰεροσολυμειτῶν	Ἱεροσολυμίτης	m gen pl	PROIEL JOHN 7.25 (Nb)
Ἰεροσολυμεῖται	Ἱεροσολυμίτης	m nom pl	PROIEL MARK 1.5 (Nb)
Ἰεροσολύμοις	Ἱεροσόλυμα	n dat pl	PROIEL ACTS 26.20 (Ne)
Ἰεροσολύμων	Ἱεροσόλυμα	n gen pl	PROIEL ACTS 28.17 (Ne)
Ἰεροσόλυμα	Ἱεροσόλυμα	m acc pl	PROIEL JOHN 12.12 (Ne)
Ἰεροσόλυμα	Ἱεροσόλυμα	n acc pl	PROIEL ACTS 25.15 (Ne)
Ἰεροσόλυμα	Ἱεροσόλυμα	n acc sg	PROIEL GAL 2.1 (Ne)
Ἰεροσόλυμα	Ἱεροσόλυμα	n nom pl	PROIEL MATT 3.5 (Ne)
Ἰερουσαλήμ	Ἱεροσόλυμα		PROIEL REV 21.10 (Ne)
Ἰερουσαλήμ	Ἱερουσαλήμ		PROIEL LUKE 4.9 (Ne)
Ἰεσσαί	Ἰεσσαί		PROIEL ROM 15.12 (Ne)
Ἰεφθάε	Ἰεφθάε		PROIEL HEB 11.32 (Ne)
Ἰεχονίαν	Ἰεχονίας	m acc sg	PROIEL MATT 1.11 (Ne)
Ἰεχονίας	Ἰεχονίας	m nom sg	PROIEL MATT 1.12 (Ne)
Ἰησούς	Ἰησοῦς	m nom sg	PROIEL MATT 27.11 (Ne)
Ἰησοῦς	Ἰησοῦς	m acc sg	PROIEL ROM 10.9 (Ne)
Ἰλλυρικοῦ	Ἰλλυρικόν	n gen sg	PROIEL ROM 15.19 (Ne)
Ἰξαάκ	Ἰσαάκ		PROIEL HEB 11.18 (Ne)
Ἰορδάνην	Ἰορδάνης	m acc sg	PROIEL MARK 1.9 (Ne)
Ἰορδάνου	Ἰορδάνης	m gen sg	PROIEL JOHN 10.40 (Ne)
Ἰορδάνῃ	Ἰορδάνης	m dat sg	PROIEL MARK 1.5 (Ne)
Ἰουδαία	Ἰουδαία	f nom sg	PROIEL MATT 3.5 (Ne)
Ἰουδαίαν	Ἰουδαία	f acc sg	PROIEL 2COR 1.16 (Ne)
Ἰουδαίας	Ἰουδαία	f gen sg	PROIEL GAL 1.22 (Ne)
Ἰουδαίᾳ	Ἰουδαία	f dat sg	PROIEL 1THESS 2.14 (Ne)
Ἰουδαϊσμῷ	Ἰουδαϊσμός	m dat sg	PROIEL GAL 1.14 (Nb)
Ἰουλίαν	Ἰουλία	f acc sg	PROIEL ROM 16.15 (Nb)
Ἰουνίαν	Ἰουνιᾶς	m acc sg	PROIEL ROM 16.7 (Nb)
Ἰούδα	Ἰούδας	m voc sg	PROIEL LUKE 22.48 (Ne)
Ἰοῦστος	Ἰοῦστος	m nom sg	PROIEL COL 4.11 (Ne)
Ἰσαάκ	Ἰσαάκ		PROIEL JAS 2.21 (Ne)
Ἰσκαριώθ	Ἰσκαριώθ		PROIEL LUKE 6.16 (Ne)
Ἰσκαριώτην	Ἰσκαριώθ	m acc sg	PROIEL LUKE 22.3 (Ne)
Ἰσκαριώτης	Ἰσκαριώθ	m nom sg	PROIEL JOHN 14.22 (Ne)
Ἰσκαριώτου	Ἰσκαριώθ	m gen sg	PROIEL JOHN 13.26 (Ne)
Ἰσραήλ	Ἰσραήλ		PROIEL REV 21.12 (Ne)
Ἰσραηλείτης	Ἰσραηλίτης	m nom sg	PROIEL ROM 11.1 (Nb)
Ἰσραηλεῖται	Ἰσραηλίτης	m nom pl	PROIEL 2COR 11.22 (Nb)
Ἰσραηλεῖται	Ἰσραηλίτης	m voc pl	PROIEL ACTS 21.28 (Nb)
Ἰσσαχάρ	Ἰσσαχάρ		PROIEL REV 7.7 (Ne)
Ἰτουραίας	Ἰτουραῖος	f gen sg	PROIEL LUKE 3.1 (A-)
Ἰωάνα	Ἰωάν(ν)α	f gen sg	PROIEL LUKE 8.3 (Ne)
Ἰωάνα	Ἰωάν(ν)α	f nom sg	PROIEL LUKE 24.10 (Ne)
Ἰωάνει	Ἰωάν(ν)ης	m dat sg	PROIEL LUKE 7.22 (Ne)
Ἰωάνην	Ἰωάν(ν)ης	m acc sg	PROIEL ACTS 15.37 (Ne)
Ἰωάνης	Ἰωάν(ν)ης	m nom sg	PROIEL REV 1.9 (Ne)
Ἰωάνου	Ἰωάν(ν)ης	m gen sg	PROIEL ACTS 19.3 (Ne)
Ἰωάνῃ	Ἰωάν(ν)ης	m dat sg	PROIEL ACTS 3.4 (Ne)
Ἰωήλ	Ἰωήλ		PROIEL ACTS 2.16 (Ne)
Ἰωαθάμ	Ἰωαθάμ		PROIEL MATT 1.9 (Ne)
Ἰωανάν	Ἰωανάν		PROIEL LUKE 3.27 (Ne)
Ἰωβήδ	Ἰωβήδ		PROIEL MATT 1.5 (Ne)
Ἰωβήλ	Ἰωβήδ		PROIEL LUKE 3.32 (Ne)
Ἰωδά	Ἰωδά		PROIEL LUKE 3.26 (Ne)
Ἰωνάμ	Ἰωνάμ		PROIEL LUKE 3.30 (Ne)
Ἰωνᾶ	Ἰωνᾶς	m gen sg	PROIEL LUKE 11.29 (Ne)
Ἰωνᾶς	Ἰωνᾶς	m nom sg	PROIEL LUKE 11.30 (Ne)
Ἰωράμ	Ἰωράμ		PROIEL MATT 1.8 (Ne)
Ἰωρείμ	Ἰωρείμ		PROIEL LUKE 3.29 (Ne)
Ἰωσήφ	Ἰωσήφ		PROIEL REV 7.8 (Ne)
Ἰωσήχ	Ἰωσήχ		PROIEL LUKE 3.26 (Ne)
Ἰωσαφάτ	Ἰωσαφάτ		PROIEL MATT 1.8 (Ne)
Ἰωσείαν	Ἰωσίας	m acc sg	PROIEL MATT 1.10 (Ne)
Ἰωσείας	Ἰωσίας	m nom sg	PROIEL MATT 1.11 (Ne)
Ἰωσῆτος	Ἰωσῆς	m gen sg	PROIEL MARK 15.47 (Ne)
Ἰώβ	Ἰὼβ		PROIEL JAS 5.11 (Ne)
Ἱεραπόλει	Ἱεράπολις	f dat sg	PROIEL COL 4.13 (Ne)
Ἵνα	ἱνατί		PROIEL MATT 9.4 (Du)
ὀλιγοπιστίαν	ὀλιγοπιστία	f acc sg	PROIEL MATT 17.20 (Nb)
ὀλύνθους	ὄλονθος	m acc pl	PROIEL REV 6.13 (Nb)
ὀμειρόμενοι	ὁμείρομαι	pres ptcp mid m nom pl	PROIEL 1THESS 2.8 (V-)
ὀμνύναι	ὄμνυμι	aor inf act	PROIEL MARK 14.71 (V-)
ὀνόματι	ὄνομα	n nom sg	PROIEL LUKE 24.18 (Nb)
ὀπτανόμενος	ὀπτάνομαι	pres ptcp mid m nom sg	PROIEL ACTS 1.3 (V-)
ὀρινήν	ὀρεινός	f acc sg	PROIEL LUKE 1.39 (A-)
ὀρινῇ	ὀρεινός	f dat sg	PROIEL LUKE 1.65 (A-)
ὀφθαλμοδουλίαις	ὀφθαλμοδουλία	f dat pl	PROIEL COL 3.22 (Nb)
ὀφθαλμοδουλίαν	ὀφθαλμοδουλία	f acc sg	PROIEL EPH 6.6 (Nb)
ὁ	ὁ	m acc sg	PROIEL HEB 12.10 (Pp)
ὁ	ὅς	n acc sg	PROIEL LUKE 6.3 (Pr)
ὁ	ὁ	n nom sg	PROIEL MATT 3.14 (Pp)
ὁδού	ὁδός	f gen sg	PROIEL LUKE 11.6 (Nb)
ὁποῖος	ὁποῖος	n nom sg	PROIEL ACTS 26.29 (Pi)
ὁρκωμοσίας	ὁρκωμοσία	f acc sg	PROIEL HEB 7.21 (Nb)
ὁσιότητι	ὁσιότης	f dat sg	PROIEL EPH 4.24 (Nb)
ὄνομα	ὄνομα	n acc pl	PROIEL MARK 3.17 (Nb)
ὄντων	εἰμί#1	pres ptcp act m gen sg	PROIEL HEB 8.4 (V-)
ὄρει	ὄρος#1	m dat sg	PROIEL HEB 8.5 (Nb)
ὄτι	ὅτι		PROIEL REV 17.8 (G-)
ὄφελον	ὄφελον		PROIEL REV 3.15 (I-)
ὄχλον	ὄχλος	m acc pl	PROIEL MATT 8.18 (Nb)
ὄψησθε	ὁράω	fut ind mid 2 pl	PROIEL LUKE 13.28 (V-)
ὅ	ὁ	m acc sg	PROIEL REV 5.13 (S-)
ὅλη	ὅλος	f dat sg	PROIEL LUKE 10.27 (A-)
ὅμοια	ὅμοιος	m nom pl	PROIEL REV 9.7 (A-)
ὅνομα	ὄνομα	n nom sg	PROIEL ROM 2.24 (Nb)
ὅτε	ὁπότε		PROIEL LUKE 6.3 (G-)
ὅτι	διότι		PROIEL 1PET 1.16 (G-)
ὅτι	τὶς	n acc sg	PROIEL COL 3.17 (Px)
Ὀζείαν	Ὀζίας	m acc sg	PROIEL MATT 1.8 (Ne)
Ὀζείας	Ὀζίας	m nom sg	PROIEL MATT 1.9 (Ne)
Ὀλυμπᾶν	Ὀλυμπᾶς	m acc sg	PROIEL ROM 16.15 (Nb)
Ὄφελον	ὄφελον		PROIEL GAL 5.12 (I-)
ὐμῶν	ὑμεῖς	m gen pl	PROIEL COL 2.1 (Pp)
ὑμών	ὑμεῖς	m gen pl	PROIEL 2THESS 3.16 (Pp)
ὑμᾶς	ἡμεῖς	m/f acc pl	PROIEL LUKE 10.19 (Pp)
ὑμῖν	ἡμεῖς	m dat pl	PROIEL 2COR 8.7 (Pp)
ὑμῖν	ὑμεῖς	m/f gen pl	PROIEL MARK 10.44 (Pp)
ὑμῶν	ἡμεῖς	m gen pl	PROIEL EPH 5.2 (Pp)
ὑμῶν·᾽	ὑμεῖς	m gen pl	PROIEL 2COR 1.6 (Pp)
ὑπάγει	ὑπάγω	pres inf act	PROIEL REV 17.8 (V-)
ὑπάγει	ὑπάγω	pres subj act 3 sg	PROIEL REV 14.4 (V-)
ὑπέρ	περί		PROIEL GAL 1.4 (R-)
ὑπεμνήσθη	ὑπομιμνῄσκω	aor ind act 3 sg	PROIEL LUKE 22.61 (V-)
ὑπερεκχυννόμενον	ὑπερεκχύννω	pres ptcp pass n acc sg	PROIEL LUKE 6.38 (V-)
ὑπεριδών	ὑπεροράω	aor ptcp act m nom sg	PROIEL ACTS 17.30 (V-)
ὑπεστρώννυον	ὑποστρωννύω	impf ind act 3 pl	PROIEL LUKE 19.36 (V-)
ὑποδεξαμένη	ὑποδέχομαι	pres ptcp mid f nom sg	PROIEL JAS 2.25 (V-)
ὑπολιμπάνων	ὑπολιμπάνω	pres ptcp act m nom sg	PROIEL 1PET 2.21 (V-)
ὑπόκρισιν	ὑπόκρισις	f acc pl	PROIEL 1PET 2.1 (Nb)
ὑπόλιμμα	ὑπόλειμμα	n nom sg	PROIEL ROM 9.27 (Nb)
ὑσσώπῳ	ὕσσωπος	m dat sg	PROIEL JOHN 19.29 (Nb)
ὑστερῶν	ὑστερέω	pres ptcp act m nom pl	PROIEL HEB 12.15 (V-)
ὑψηλοφρονεῖν	φρονέω	pres inf act	PROIEL 1TIM 6.17 (V-)
ὠδίν	ὠδίν	f nom sg	PROIEL 1THESS 5.3 (Nb)
ὠδίνων	ὠδίν	f gen pl	PROIEL MATT 24.8 (Nb)
ὠδῖνας	ὠδίν	f acc pl	PROIEL ACTS 2.24 (Nb)
ὠσίν	εἰμί#1	pres subj act 3 pl	PROIEL LUKE 4.21 (V-)
ὠτάριον	ὠτίον	n acc sg	PROIEL JOHN 18.10 (Nb)
ὡς	ὡσεί		PROIEL ACTS 1.15 (Df)
ὡσεί	ὡς		PROIEL ACTS 19.34 (Df)
ὡσπερεί	ὡσπερεί		PROIEL 1COR 15.8 (Df)
Ὠσηέ	Ὡσηέ		PROIEL ROM 9.25 (Ne)
Ὡσαννά	ὡσαννά		PROIEL JOHN 12.13 (I-)
ᾄδην	Ἅιδης	m acc sg	PROIEL ACTS 2.31 (Ne)
ᾄδης	Ἅιδης	m nom sg	PROIEL REV 20.14 (Ne)
ᾄδου	Ἅιδης	m gen sg	PROIEL REV 1.18 (Ne)
ᾄδῃ	Ἅιδης	m dat sg	PROIEL LUKE 16.23 (Ne)
ᾑμέρᾳ	ἡμέρα	f dat sg	PROIEL 1COR 5.5 (Nb)
ᾖ	ὁ	f nom sg	PROIEL MATT 6.4 (S-)
ῆν	εἰμί#1	impf ind act 3 sg	PROIEL LUKE 7.12 (V-)
ῥίψαν	ῥίπτω	aor ptcp act n nom sg	PROIEL LUKE 4.35 (V-)
ῥαββεί	ῥαββί		PROIEL MATT 26.49 (Nb)
ῥαντίσωνται	βαπτίζω	aor subj mid 3 pl	PROIEL MARK 7.4 (V-)
ῥεδῶν	ῥέδη	f gen pl	PROIEL REV 18.13 (Nb)
ῥεραντισμένοι	ῥαντίζω	perf ptcp pass m nom pl	PROIEL HEB 10.22 (V-)
ῥεύσουσιν	ῥέω	fut ind act 3 pl	PROIEL JOHN 7.38 (V-)
ῥυπανθήτω	ῥυπαίνω	aor imp pass 3 sg	PROIEL REV 22.11 (V-)
ῥἤσσει	ῥήγνυμι	pres ind act 3 sg	PROIEL MARK 9.18 (V-)
Ῥαάβ	Ῥαάβ		PROIEL JAS 2.25 (Ne)
Ῥαββεί	ῥαββί		PROIEL JOHN 11.8 (Nb)
Ῥαββουνεί	ῥαββουνί		PROIEL JOHN 20.16 (Nb)
Ῥαγαύ	Ῥαγαῦ		PROIEL LUKE 3.35 (Ne)
Ῥαμά	Ῥαμά		PROIEL MATT 2.18 (Ne)
Ῥαχάβ	Ῥαχάβ		PROIEL MATT 1.5 (Ne)
Ῥαχήλ	Ῥαχήλ		PROIEL MATT 2.18 (Ne)
Ῥεβέκκα	Ῥεβέκκα	f nom sg	PROIEL ROM 9.10 (Nb)
Ῥησά	Ῥησά		PROIEL LUKE 3.27 (Ne)
Ῥοβοάμ	Ῥοβοάμ		PROIEL MATT 1.7 (Ne)
Ῥομφά	Ῥαιφάν		PROIEL ACTS 7.43 (Ne)
Ῥουβήν	Ῥουβήν		PROIEL REV 7.5 (Ne)
Ῥούθ	Ῥούθ		PROIEL MATT 1.5 (Ne)
Ῥωμαῖοι	Ῥωμαῖος	m nom pl	PROIEL ACTS 16.38 (A-)
Ῥωμαῖον	Ῥωμαῖος	m acc sg	PROIEL ACTS 22.25 (A-)
Ῥωμαῖος	Ῥωμαῖος	m nom sg	PROIEL ACTS 23.27 (A-)
†γυναῖκες†	γυνή	f nom pl	PROIEL HEB 11.35 (Nb)
†ἐπί†	ἐπί		PROIEL MARK 4.21 (R-)
